ID,Vejnavn,Sogn,Postdistrikt,By,Flække
8,Abildholtvej,Haderup Sogn,7500 Holstebro,Feldborg,Hogager
12,Abildåvej,,,,Abildå
70,Absalonsvej,Fredens Sogn,7400 Herning,Herning,
80,Adelstien,,,,
82,Adelvej,Rind Sogn,7400 Herning,Lind,Lind
87,Agerbjerg,Snejbjerg Sogn,7400 Herning,Snejbjerg,Snejbjerg
14,Agerfeldvej,Vinding Sogn,7550 Sørvad,Vinding,
93,Agerlandsvej,Skt Johannes Sogn,7400 Herning,Herning,
16,Agersigvej,Assing Sogn,6933 Kibæk,Kibæk,
110,Agerskovvej,Gjellerup Sogn,7400 Herning,Hammerum,Hammerum
115,Agervænget,Skt Johannes Sogn,7400 Herning,Herning,
1439,Ahornbakken,Tjørring Sogn,7400 Herning,Tjørring,Tjørring
17,Ahornvej,S Felding Sogn,7280 Sønder Felding,Sdr. Felding,
19,Ahornvej,Feldborg Sogn,7540 Haderup,Feldborg,Feldborg
117,Ahornvej,Skt Johannes Sogn,7400 Herning,Herning,
5,A.I. Holms Vej,Skt Johannes Sogn,7400 Herning,Herning,
129,Akacievej,Skt Johannes Sogn,7400 Herning,Herning,
130,Akelejevej,Rind Sogn,7400 Herning,Lind,Høgild
2,A.L. Andersensvej,,,,
24,Albækhedevej,Assing Sogn,6933 Kibæk,Kibæk,Troldhede
25,Albækvej,,7480 Vildbjerg,,
145,Albækvej,,7400 Herning,Snejbjerg,Snejbjerg
165,Alhedestien,,,,
26,Alkhøjvej,Assing Sogn,6933 Kibæk,Kibæk,
175,Allingevej,Herning Sogn,7400 Herning,Herning,
180,Amalievej,Snejbjerg Sogn,7400 Herning,Snejbjerg,Snejbjerg
205,Amtrupvej,Studsgård Sogn,7400 Herning,Studsgård,Studsgård
27,Anemonevej,Aulum Sogn,7490 Aulum,Aulum,
211,Anemonevej,Herning Sogn,7400 Herning,Herning,
222,Anne-Maries Vej,Rind Sogn,7400 Herning,Lind,Lind
11,A.P. Møllers Vej,Herning Sogn,7400 Herning,Herning,
253,Arnborg Kirke P Pl,,,,
256,Arnborgskolestien,,,,
30,Arnborgvej,Assing Sogn,6933 Kibæk,Kibæk,
258,Arnborgvej,,,Arnborg,
268,Asbjergvej,Ørre-Sinding Sogn,7400 Herning,Sinding,Sinding
32,Asbækhedevej,Aulum Sogn,7490 Aulum,Aulum,
34,Askovvej,Ørnhøj Sogn,6973 Ørnhøj,Ørnhøj,Abildå
39,Assingvej,,6933 Kibæk,,Skarrild
281,Asylgade,Snejbjerg Sogn,7400 Herning,Snejbjerg,Snejbjerg
40,Aulumvej,Vinding Sogn,7550 Sørvad,Vinding,
285,Avlumvej,Ørre-Sinding Sogn,7400 Herning,Sinding,Ørre
288,Avnvej,Skt Johannes Sogn,7400 Herning,Herning,
293,Baggeskærvej,,7400 Herning,,
41,Bakkedraget,Aulum Sogn,7490 Aulum,Aulum,
42,Bakken,Nøvling Sogn,7480 Vildbjerg,Skibbild/Nøvling,Nøvling
43,Bakkevej,Vinding Sogn,7550 Sørvad,Vinding,
328,Bakkevænget,Tjørring Sogn,7400 Herning,Tjørring,Tjørring
47,Baldersvej,Nøvling Sogn,7480 Vildbjerg,Skibbild/Nøvling,Skibbild
340,Baldersvej,Skt Johannes Sogn,7400 Herning,Herning,
1573,Baldrianvej,,,,
343,Banegårdspladsen,Herning Sogn,7400 Herning,Herning,
346,Banegårdspl P Plads,,,,
48,Banevænget,Ørnhøj Sogn,6973 Ørnhøj,Ørnhøj,
345,Banevænget,Gjellerup Sogn,7400 Herning,Hammerum,Hammerum
52,Barslundvej,Karstoft Sogn,,Skarrild,Karstoft
53,Barslundvej,Grove Sogn,7540 Haderup,Haderup,Barslund
365,Bassumgårdvej,,7400 Herning,Snejbjerg,Gødstrup
1370,Bauneparken,Vinding Sogn,7550 Sørvad,Vinding,
390,Baunetoften,Tjørring Sogn,7400 Herning,Tjørring,Tjørring
54,Baunevej,Vinding Sogn,7550 Sørvad,Vinding,
398,Baunevej,Tjørring Sogn,7400 Herning,Tjørring,Tjørring
56,Baunsgårdvej,Ørnhøj Sogn,6973 Ørnhøj,Ørnhøj,
57,Bavnehøjen,Assing Sogn,6933 Kibæk,Kibæk,
1409,Bavnehøjen P Plads,,,,
1413,Bavnehøjstien,,,,
59,Bavnevej,Haderup Sogn,7470 Karup J,Haderup,Fårbæk
410,Beethovensvej,Hedeager Sogn,7400 Herning,Herning,
61,Bekkasinvej,Assing Sogn,6933 Kibæk,Kibæk,
62,Bellisvej,Aulum Sogn,7490 Aulum,Aulum,
64,Bellisvej,Vildbjerg Sogn,7480 Vildbjerg,Vildbjerg,
422,Bellisvej,Herning Sogn,7400 Herning,Herning,
434,Bellmansvej,Rind Sogn,7400 Herning,Lind,Lind
445,Benediktesvej,Rind Sogn,7400 Herning,Lind,Lind
457,Berberisvej,Skt Johannes Sogn,7400 Herning,Herning,
469,Bethaniagade,Herning Sogn,7400 Herning,Herning,
471,Bethaniagades P Pl,Herning Sogn,7400 Herning,Herning,
65,Bette Sines Vej,Aulum Sogn,7490 Aulum,Aulum,
1564,Bindesbølvej,Ørnhøj Sogn,6973 Ørnhøj,Ørnhøj,Abildå
475,Bindstowvej,Ørre-Sinding Sogn,7400 Herning,Sinding,Ørre
501,Birk Centerpark,Gjellerup Sogn,7400 Herning,Hammerum,Birk
67,Birke Alle,Vildbjerg Sogn,7480 Vildbjerg,Vildbjerg,
516,Birke Alle,Herning Sogn,7400 Herning,Herning,
1392,Birkebakken,,,,
1417,Birkebystien,,,,
69,Birkebyvej,S Felding Sogn,7280 Sønder Felding,Sdr. Felding,
539,Birkebækvej,Arnborg Sogn,7400 Herning,Arnborg,Arnborg
555,Birkegårdsvej,Gjellerup Sogn,7400 Herning,Hammerum,Birk
1368,Birkelunden,Snejbjerg Sogn,7400 Herning,Snejbjerg,Snejbjerg
72,Birkemosevej,Karstoft Sogn,,Skarrild,Karstoft
560,Birkeskovvej,Ilskov Sogn,7451 Sunds,Ilskov,Ilskov
73,Birkevej,Ørnhøj Sogn,6973 Ørnhøj,Ørnhøj,
74,Birkevej,Feldborg Sogn,7540 Haderup,Feldborg,Feldborg
574,Birkevej,Sunds Sogn,7451 Sunds,Sunds,
75,Birkevænget,Timring Sogn,7480 Vildbjerg,Timring,
586,Birkevænget,Gjellerup Sogn,7400 Herning,Hammerum,Hammerum
76,Birkkjærvej,Hodsager Sogn,7490 Aulum,Hodsager,Hodsager
78,Birkmosevej,Timring Sogn,7480 Vildbjerg,Timring,Timring
79,Birkmosevej,,,,
592,Bitsovvej,Gjellerup Sogn,7400 Herning,Hammerum,Hammerum
597,Bjalderbækvej,Tjørring Sogn,7400 Herning,Tjørring,
1497,Bjalderbækvej Nord,,7400 Herning,,
85,Bjergevej,,7280 Sønder Felding,Sdr. Felding,
615,Bjerggårdvej,Studsgård Sogn,7400 Herning,Studsgård,Studsgård
622,Bjergkvarteret,Snejbjerg Sogn,7400 Herning,Snejbjerg,Snejbjerg
89,Bjergmosevej,Aulum Sogn,7490 Aulum,Aulum,
618,Bjergstien,,,,
91,Bjerregårdvej,,7480 Vildbjerg,,Timring
634,Bjerregårdvej,Gjellerup Sogn,7400 Herning,Hammerum,Hammerum
92,Bjerregårdvænget,Timring Sogn,7480 Vildbjerg,Timring,Timring
647,Bjerrevej,Studsgård Sogn,,Studsgård,
660,Bjødstrupmarken,Gjellerup Sogn,7400 Herning,Hammerum,Hammerum
668,Bjødstrupvej,Gjellerup Sogn,7400 Herning,Hammerum,Hammerum
675,Bjørneklovej,Rind Sogn,7400 Herning,Lind,Høgild
94,Bjørnkærvej,Vildbjerg Sogn,7480 Vildbjerg,Vildbjerg,
95,Bjørnkærvej,Haderup Sogn,7540 Haderup,Haderup,Feldborg
98,Bjørnkærvej,Karstoft Sogn,6933 Kibæk,Skarrild,Karstoft
99,Bjørslevvej,Assing Sogn,6933 Kibæk,Kibæk,
678,Bliddalvej,,7400 Herning,,
100,Blindkildevej,Vinding Sogn,7550 Sørvad,Vinding,
101,Blommehaven,Vildbjerg Sogn,7480 Vildbjerg,Vildbjerg,
1367,Blomstermarken,Snejbjerg Sogn,7400 Herning,Snejbjerg,Snejbjerg
680,Blomstertoften,Tjørring Sogn,7400 Herning,Tjørring,Tjørring
102,Blüchersvej,,,,Sinding
103,Blåbjergvej,S Felding Sogn,7280 Sønder Felding,Sdr. Felding,
104,Blåhøjvej,Karstoft Sogn,,Skarrild,Karstoft
107,Blåkjærvej,Vind Sogn,7500 Holstebro,Vind,Vind
108,Blåkærvej,Karstoft Sogn,6933 Kibæk,Skarrild,Karstoft
111,Blåmejsevej,Timring Sogn,7480 Vildbjerg,Timring,Timring
113,Boelsgårdvej,,7480 Vildbjerg,,
114,Bogfinkevej,Timring Sogn,7480 Vildbjerg,Timring,Timring
690,Bogfinkevej,Gjellerup Sogn,7400 Herning,Hammerum,Hammerum
116,Boghvedevej,Aulum Sogn,7490 Aulum,Aulum,
1506,B. og Aa. Damg. Pl.,Gjellerup Sogn,7400 Herning,Hammerum,Birk
118,Borgergade,Ilderhede Sogn,7270 Stakroge,Sdr. Felding,
119,Bormosevej,,7480 Vildbjerg,,
692,Bornholmsvej,Herning Sogn,7400 Herning,Herning,
120,Borupsvej,Vinding Sogn,7550 Sørvad,Vinding,
703,Brahmsvej,Hedeager Sogn,7400 Herning,Herning,
715,Brandevej,Fasterholt Sogn,7330 Brande,Arnborg,Fasterholt
121,Bredgade,Vildbjerg Sogn,7480 Vildbjerg,Vildbjerg,
123,Bredgade,Feldborg Sogn,7540 Haderup,Feldborg,Feldborg
124,Bredgade,S Felding Sogn,7280 Sønder Felding,Sdr. Felding,
727,Bredgade,Herning Sogn,7400 Herning,Herning,
128,Bredkjærvej,Nøvling Sogn,7480 Vildbjerg,Skibbild/Nøvling,
132,Bredmosegården,,,,
735,Bredmosevej,Rind Sogn,7400 Herning,Lind,Høgild
755,Bredvigvej,,,,
134,Brinkevej,Assing Sogn,6933 Kibæk,Kibæk,
137,Brogade,Assing Sogn,6933 Kibæk,Kibæk,
773,Brogårdstien,,,,
138,Brogårdvej,Hodsager Sogn,7490 Aulum,Hodsager,Hodsager
774,Brogårdvej,,7400 Herning,,
139,Brohusvej,Aulum Sogn,7490 Aulum,Aulum,
141,Brohusvej,,,,Vind
1044,Brombærvej,Vind Sogn,7500 Holstebro,Vind,Vind
785,Brorsonsvej,Skt Johannes Sogn,7400 Herning,Herning,
788,Brunbjergvej,Haunstrup Sogn,7400 Herning,Snejbjerg,Haunstrup
790,Brunkulsvej,,,,
809,Bryggergade,Herning Sogn,7400 Herning,Herning,
832,Brændgårdvej,,7400 Herning,,Holing
146,Bukkærvej,Assing Sogn,6933 Kibæk,Kibæk,
147,Buntmagervej,Aulum Sogn,7490 Aulum,Aulum,
150,Burgårdsvej,Vildbjerg Sogn,7480 Vildbjerg,Vildbjerg,
855,Buskvej,Gjellerup Sogn,7400 Herning,Hammerum,Hammerum
868,Bygaden,Arnborg Sogn,7400 Herning,Arnborg,Arnborg
870,Bygadens P Plads,,,,
875,Byghaven,Snejbjerg Sogn,7400 Herning,Snejbjerg,Snejbjerg
877,Bygmarken,Gjellerup Sogn,7400 Herning,Hammerum,Hammerum
151,Bygvej,Aulum Sogn,7490 Aulum,Aulum,
891,Bygvænget,Herning Sogn,7400 Herning,Herning,
1428,Byhaven,Vildbjerg Sogn,7480 Vildbjerg,Vildbjerg,
914,Bymarksvej,Tjørring Sogn,7400 Herning,Tjørring,Tjørring
926,Bytoften,Tjørring Sogn,7400 Herning,Tjørring,Tjørring
928,Bytoftvænget,Tjørring Sogn,7400 Herning,Tjørring,Tjørring
155,Bækgaardsvej,Assing Sogn,6933 Kibæk,Kibæk,
157,Bækkelundvej,Vildbjerg Sogn,7480 Vildbjerg,Vildbjerg,
158,Bæktoftvej,,6933 Kibæk,Skarrild,
940,Bæktoftvej,Studsgård Sogn,7400 Herning,Studsgård,Studsgård
945,Bækvej,,,,
160,Bærkær,Vind Sogn,7500 Holstebro,Vind,Vind
161,Bødkervej,Vildbjerg Sogn,7480 Vildbjerg,Vildbjerg,
162,Bødkervej,Aulum Sogn,7490 Aulum,Aulum,
952,Bødkervej,Sunds Sogn,7451 Sunds,Sunds,
1391,Bøgebakken,,,,
1475,Bøgehaven,Hedeager Sogn,7400 Herning,Herning,
954,Bøgens Kvarter,Gullestrup Sogn,7400 Herning,Gullestrup,Skovbyen
1535,Bøgeparken,Gjellerup Sogn,7400 Herning,Hammerum,Hammerum
955,Bøgeskovvej,Ilskov Sogn,7451 Sunds,Ilskov,Ilskov
960,Bøgestien,,,,
163,Bøgevej,Aulum Sogn,7490 Aulum,Aulum,
166,Bøgevej,Ørnhøj Sogn,6973 Ørnhøj,Ørnhøj,
168,Bøgevej,Skarrild Sogn,6933 Kibæk,Skarrild,Skarrild
973,Bøgevænget,Skt Johannes Sogn,7400 Herning,Herning,
984,Børglumstien,,,,
985,Børglumvej,Tjørring Sogn,7400 Herning,Tjørring,Tjørring
997,Carit Etlars Gade,Herning Sogn,7400 Herning,Herning,
1008,Carl Nielsens Vej,Hedeager Sogn,7400 Herning,Herning,
1012,Cedervej,Skt Johannes Sogn,7400 Herning,Herning,
1022,Center Alle,Fredens Sogn,7400 Herning,Herning,
1032,Chopinsvej,Hedeager Sogn,7400 Herning,Herning,
1043,Chr. Dalgas Vej,Arnborg Sogn,7400 Herning,Arnborg,Arnborg
1060,Christiansgade,Gjellerup Sogn,7400 Herning,Hammerum,Hammerum
1055,Chr. Ydes Vej,,7400 Herning,Herning,
1065,Citypassagen,,,,
170,Clasonsborgvej,Karstoft Sogn,6933 Kibæk,Skarrild,Karstoft
1068,Cypresvej,Skt Johannes Sogn,7400 Herning,Herning,
1070,Dagmarvej,Snejbjerg Sogn,7400 Herning,Snejbjerg,Snejbjerg
1079,Dalgas Alle,,7400 Herning,Herning,
1090,Dalgasgade,Herning Sogn,7400 Herning,Herning,
1092,Dalgasgades P Plads,,,,
1095,Dalgaspassagen,,,,
1085,Dalgas Plads,Herning Sogn,7400 Herning,Herning,
1416,Dalgasstien,,,,
172,Dalgasvej,S Felding Sogn,7280 Sønder Felding,Sdr. Felding,
174,Damstrupvej,Ørnhøj Sogn,6973 Ørnhøj,Ørnhøj,
1150,Damtoftevej,Sunds Sogn,7451 Sunds,Sunds,
1155,Danasvej,Skt Johannes Sogn,7400 Herning,Herning,
176,Danmarksgade,Aulum Sogn,7490 Aulum,Aulum,
1161,Danmarksgade,Herning Sogn,7400 Herning,Herning,
1162,Danmarksgades P Pl,,,,
1196,Degnekrogen,Arnborg Sogn,7400 Herning,Arnborg,Arnborg
178,Digevej,Vinding Sogn,7550 Sørvad,Vinding,
1208,Digevej,Tjørring Sogn,7400 Herning,Tjørring,Tjørring
181,Drejervej,Aulum Sogn,7490 Aulum,Aulum,
1225,Drejervej,Sunds Sogn,7451 Sunds,Sunds,
1231,Drejet,Snejbjerg Sogn,7400 Herning,Snejbjerg,Snejbjerg
184,Drongstrup Mark,S Felding Sogn,7280 Sønder Felding,Sdr. Felding,
185,Drongstrupvej,S Felding Sogn,7280 Sønder Felding,Sdr. Felding,
1232,Dronningens Boulev,,,,
186,Drosselvej,Haderup Sogn,7540 Haderup,Haderup,
188,Drosselvej,Timring Sogn,7480 Vildbjerg,Timring,Timring
1233,Drosselvej,Gjellerup Sogn,7400 Herning,Hammerum,Hammerum
1234,Dueoddevej,Herning Sogn,7400 Herning,Herning,
1235,Duevej,Gjellerup Sogn,7400 Herning,Hammerum,Hammerum
1240,Dunhammervej,Rind Sogn,7400 Herning,Lind,Høgild
1243,Dyshøj,Rind Sogn,7400 Herning,Lind,Lind
1255,Dæmningen,Skt Johannes Sogn,7400 Herning,Herning,
1256,Dæmningstien,,,,
1260,Dørslundvej,,,,
193,Døvlingvej,Karstoft Sogn,,Skarrild,
1263,Egebakken,Gullestrup Sogn,7400 Herning,Gullestrup,Gullestrup
196,Egebækvej,Nøvling Sogn,7480 Vildbjerg,Skibbild/Nøvling,
198,Egelundvej,Haderup Sogn,,Haderup,
1266,Egeløkkevej,Tjørring Sogn,7400 Herning,Tjørring,Tjørring
1285,Egeskovvej,Ilskov Sogn,7451 Sunds,Ilskov,Ilskov
201,Egeskrænten,Haderup Sogn,7540 Haderup,Haderup,
202,Egevej,Feldborg Sogn,7540 Haderup,Feldborg,Feldborg
203,Egevej,Assing Sogn,6933 Kibæk,Kibæk,
1313,Egevænget,Gjellerup Sogn,7400 Herning,Hammerum,Hammerum
1325,Ejnar Mikkelsens Vej,Herning Sogn,7400 Herning,Herning,
207,Ejsingkjærvej,Vildbjerg Sogn,7480 Vildbjerg,Vildbjerg,
1337,Ejstrupvej,Fasterholt Sogn,7330 Brande,Arnborg,Fasterholt
209,Eliseborgvej,,7540 Haderup,,Feldborg
212,Elkjærvej,Timring Sogn,7480 Vildbjerg,Timring,
214,Elkjærvej,S Felding Sogn,7280 Sønder Felding,Sdr. Felding,
1365,Ellevænget,Skt Johannes Sogn,7400 Herning,Herning,
215,Elme Alle,Assing Sogn,6933 Kibæk,Kibæk,
1437,Elmebakken,Tjørring Sogn,7400 Herning,Tjørring,Tjørring
1372,Elmegade,Gjellerup Sogn,7400 Herning,Hammerum,Hammerum
216,Elmevej,Ørnhøj Sogn,6973 Ørnhøj,Ørnhøj,
218,Elmevej,Feldborg Sogn,7540 Haderup,Feldborg,Feldborg
1419,Emil Reesens Vej,Hedeager Sogn,7400 Herning,Herning,
219,Enebærvej,Hodsager Sogn,7490 Aulum,Hodsager,Hodsager
220,Enebærvej,Vind Sogn,7500 Holstebro,Vind,Vind
1431,Enebærvej,Skt Johannes Sogn,7400 Herning,Herning,
221,Energivej,Assing Sogn,6933 Kibæk,Kibæk,
223,Engbakken,Hodsager Sogn,7490 Aulum,Hodsager,Hodsager
1432,Engbjerg,Snejbjerg Sogn,7400 Herning,Snejbjerg,Snejbjerg
1434,Engbjergskolestien,,,,
1433,Engblommevej,Rind Sogn,7400 Herning,Lind,Høgild
1435,Engdahlsvej,Gjellerup Sogn,7400 Herning,Hammerum,Birk
224,Engdraget,Aulum Sogn,7490 Aulum,Aulum,
1547,Engebækgårdvej,Karstoft Sogn,7260 Sønder Omme,Skarrild,
227,Engebækvej,Ilderhede Sogn,7270 Stakroge,Sdr. Felding,
228,Engen,S Felding Sogn,7280 Sønder Felding,Sdr. Felding,
1438,Engens Kvarter,Gullestrup Sogn,7400 Herning,Gullestrup,Engbyen
1442,Enggårdvej,Snejbjerg Sogn,7400 Herning,Snejbjerg,Snejbjerg
230,Enghaven,Assing Sogn,6933 Kibæk,Kibæk,
231,Enghavevej,S Felding Sogn,7280 Sønder Felding,Sdr. Felding,
237,Enghavevej,Vinding Sogn,7550 Sørvad,Vinding,
1454,Enghavevej,Skt Johannes Sogn,7400 Herning,Herning,
1386,Engholm Søpark,Fredens Sogn,7400 Herning,Herning,
1387,Engholm Søvej,Fredens Sogn,7400 Herning,Herning,
238,Engholmvej,S Felding Sogn,7280 Sønder Felding,Sdr. Felding,
239,Engkrogen,Assing Sogn,6933 Kibæk,Kibæk,
240,Engkrogen,Vinding Sogn,7550 Sørvad,Vinding,
1477,Engkrogen,Herning Sogn,7400 Herning,Herning,
241,Engstien,,,,
243,Engvangen,Vinding Sogn,7550 Sørvad,Vinding,
244,Engvej,Skarrild Sogn,6933 Kibæk,Skarrild,Skarrild
245,Engvej,Aulum Sogn,7490 Aulum,Aulum,
1480,Enighedsvej,Fasterholt Sogn,7330 Brande,Arnborg,Fasterholt
247,Erhvervsparken,S Felding Sogn,7280 Sønder Felding,Sdr. Felding,
248,Erhvervsvænget,S Felding Sogn,7280 Sønder Felding,Sdr. Felding,
249,Estlandsvej,Vildbjerg Sogn,7480 Vildbjerg,Vildbjerg,
250,Europavej,S Felding Sogn,7280 Sønder Felding,Sdr. Felding,
251,Fabriksvej,S Felding Sogn,7280 Sønder Felding,Sdr. Felding,
254,Fabriksvej,Ørnhøj Sogn,6973 Ørnhøj,Ørnhøj,
1404,Fabriksvej P Plads,,,,
1489,Faksevej,Fredens Sogn,7400 Herning,Herning,
255,Falkevej,Ørnhøj Sogn,6973 Ørnhøj,Ørnhøj,
257,Falkevej,Haderup Sogn,7540 Haderup,Haderup,
1501,Falkevej,Hedeager Sogn,7400 Herning,Herning,
1513,Fanøvej,Skt Johannes Sogn,7400 Herning,Herning,
1524,Farvergårdvej,Herning Sogn,7400 Herning,Herning,
259,Farvervej,Aulum Sogn,7490 Aulum,Aulum,
1472,Fasanreden,Hedeager Sogn,7400 Herning,Herning,
260,Fasanvej,Ørnhøj Sogn,6973 Ørnhøj,Ørnhøj,
263,Fasanvej,Assing Sogn,6933 Kibæk,Kibæk,
1548,Fasanvej,Gjellerup Sogn,7400 Herning,Hammerum,Hammerum
1584,Fasterholtgårdvej,Fasterholt Sogn,,Arnborg,Søby
1590,Fasterholtvej,Arnborg Sogn,7400 Herning,Arnborg,Arnborg
1493,Fastrupdalen,Gjellerup Sogn,7400 Herning,Hammerum,Hammerum
1596,Fastrupvej,,7400 Herning,,
1598,Faunbjergvej,Simmelkær Sogn,7451 Sunds,Simmelkær,Simmelkær
1369,Fejerskovparken,Rind Sogn,7400 Herning,Lind,Lind
1608,Fejerskovvej,,,,
2526,Fejloprettet,,,,
1625,Feldbakvej,Kølkær Sogn,7400 Herning,Kølkær,Kølkær
264,Feldbjergvej,,7480 Vildbjerg,,
265,Feldborgvej,,,,
1642,Fenrisvej,Skt Johannes Sogn,7400 Herning,Herning,
270,Finlandsvej,Vildbjerg Sogn,7480 Vildbjerg,Vildbjerg,
1653,Finlandsvej,Skt Johannes Sogn,7400 Herning,Herning,
1665,Finsensgade,Herning Sogn,7400 Herning,Herning,
1715,Fjederholtvej,,7400 Herning,Lind,
273,Fjelstervangvej,Assing Sogn,6933 Kibæk,Kibæk,
1730,Fjelstervangvej,Haunstrup Sogn,7400 Herning,Snejbjerg,Haunstrup
274,Fjelstrupvej,Assing Sogn,6933 Kibæk,Kibæk,
1483,Fjerkrævej,Skt Johannes Sogn,7400 Herning,Herning,
275,Fladerne,Grove Sogn,7540 Haderup,Haderup,Vistorp
1740,Fladhøj,Rind Sogn,7400 Herning,Lind,Lind
1747,Flintager,Tjørring Sogn,7400 Herning,Tjørring,Tjørring
1758,Foldagervej,Ørre-Sinding Sogn,7400 Herning,Sinding,Ørre
1771,Fonnesbechsgade,Herning Sogn,7400 Herning,Herning,
1785,Fonvadvej,Snejbjerg Sogn,7400 Herning,Snejbjerg,Snejbjerg
1800,Fredbovej,Sunds Sogn,7451 Sunds,Sunds,
1806,Fredensgade,,7400 Herning,Herning,
276,Fredenslundvej,Vildbjerg Sogn,7480 Vildbjerg,Vildbjerg,
1829,Frederiksgade,Gjellerup Sogn,7400 Herning,Hammerum,Hammerum
1841,Fredhøj Alle,Skt Johannes Sogn,7400 Herning,Herning,
277,Fredshegn,Aulum Sogn,7490 Aulum,Aulum,
1853,Frejasgade,Skt Johannes Sogn,7400 Herning,Herning,
278,Frejasvej,Nøvling Sogn,7480 Vildbjerg,Skibbild/Nøvling,Skibbild
1462,Fresiahaven,Gjellerup Sogn,7400 Herning,Hammerum,
1860,Frifeltvej,Fasterholt Sogn,7330 Brande,Arnborg,Fasterholt
1864,Frijsenborgstien,,,,
1865,Frijsenborgvej,Tjørring Sogn,7400 Herning,Tjørring,Tjørring
1876,Frilandsvej,Rind Sogn,7400 Herning,Lind,Lind
1880,Friskolevej,Fasterholt Sogn,7330 Brande,Arnborg,Fasterholt
1552,Frk. Sanggaards Gade,,,,
1888,Fruehøjvej,,7400 Herning,Herning,
279,Fruerbyvej,S Felding Sogn,7280 Sønder Felding,Sdr. Felding,
1487,Frølundparken,Gjellerup Sogn,7400 Herning,Hammerum,Hammerum
1911,Frølundvej,Gjellerup Sogn,7400 Herning,Hammerum,Hammerum
1488,Frølundvænget,Gjellerup Sogn,7400 Herning,Hammerum,Hammerum
1912,Frøskovparken,Tjørring Sogn,7400 Herning,Tjørring,Tjørring
1908,Frøskovstien,,,,
284,Fuglevænget,Timring Sogn,7480 Vildbjerg,Timring,Timring
1913,Fuglsang Allé,Tjørring Sogn,7400 Herning,Tjørring,Tjørring
1916,Fuglsang Holm,Tjørring Sogn,7400 Herning,Tjørring,Tjørring
1918,Fuglsang Næs,Tjørring Sogn,7400 Herning,Tjørring,Tjørring
286,Fuglsangsvej,Timring Sogn,7480 Vildbjerg,Timring,Timring
1935,Fuglsangsvej,Skt Johannes Sogn,7400 Herning,Herning,
1919,Fuglsang Sø,,,,
1920,Fuglsang Toft,Tjørring Sogn,7400 Herning,Tjørring,Tjørring
1925,Fuglsang Torv,,,,
289,Fuglsangvej,Vind Sogn,7500 Holstebro,Vind,Vind
290,Fynsgade,Aulum Sogn,7490 Aulum,Aulum,
1947,Fynsgade,,7400 Herning,Herning,
1950,Fyrrely,Sunds Sogn,7451 Sunds,Sunds,
1958,Fyrrevej,Skt Johannes Sogn,7400 Herning,Herning,
1968,Fælledvej,Studsgård Sogn,7400 Herning,Studsgård,Studsgård
1970,Fællestoften,Tjørring Sogn,7400 Herning,Tjørring,Tjørring
1977,Færøvej,Skt Johannes Sogn,7400 Herning,Herning,
296,Fårbækvej,Haderup Sogn,,Haderup,Fårbæk
298,Gabsvej,Aulum Sogn,7490 Aulum,Aulum,
1994,Gadegårdsvej,Rind Sogn,7400 Herning,Lind,Lind
299,Galtmosevej,Ørnhøj Sogn,6973 Ørnhøj,Ørnhøj,
300,Gammel Engvej,Aulum Sogn,7490 Aulum,Aulum,
1491,Gammel Helstrupvej,Snejbjerg Sogn,7400 Herning,Snejbjerg,
301,Gammel Landevej,Feldborg Sogn,7540 Haderup,Feldborg,Feldborg
1443,Gammel Løvbakkevej,Gullestrup Sogn,7400 Herning,Gullestrup,Gullestrup
306,Gammelmarksvej,S Felding Sogn,7280 Sønder Felding,Sdr. Felding,
302,Gammel Skolevej,Aulum Sogn,7490 Aulum,Aulum,
303,Gammel Tvedvej,Aulum Sogn,7490 Aulum,Aulum,
1528,Gartnerparken,Vildbjerg Sogn,7480 Vildbjerg,Vildbjerg,
2017,Gavnøvej,Tjørring Sogn,7400 Herning,Tjørring,Tjørring
307,Gedbovej,Aulum Sogn,7490 Aulum,Aulum,
2020,Gedhusvej,,7451 Sunds,,
309,Gefionsvej,Nøvling Sogn,7480 Vildbjerg,Skibbild/Nøvling,Skibbild
2029,Gefionsvej,Skt Johannes Sogn,7400 Herning,Herning,
312,Gejlbjergvej,Skarrild Sogn,6933 Kibæk,Skarrild,Skarrild
2035,Genvejen,Sunds Sogn,7451 Sunds,Sunds,
313,Gildsigvej,Assing Sogn,6933 Kibæk,Kibæk,
2040,Gilmoseparken,Tjørring Sogn,7400 Herning,Tjørring,Tjørring
2042,Gilmosevej,Tjørring Sogn,7400 Herning,Tjørring,Tjørring
2045,Gilmosevænget,Tjørring Sogn,7400 Herning,Tjørring,Tjørring
314,Gindeskovgård,,7540 Haderup,Feldborg,Feldborg
315,Gindeskovvej,,7540 Haderup,,
2051,Gisselfeldstien,,,,
2052,Gisselfeldvej,Tjørring Sogn,7400 Herning,Tjørring,Tjørring
2080,Gjellerupbakken,Gjellerup Sogn,7400 Herning,Hammerum,Gjellerup
2082,Gjellerup-Lundstien,,,,
2084,Gjellerupskolestien,,,,
2085,Gjellerupstien,,,,
321,Glentevej,Assing Sogn,6933 Kibæk,Kibæk,
2205,Glentevej,,7400 Herning,Herning,
318,Gl. Høgsvigvej,S Felding Sogn,7280 Sønder Felding,Sdr. Felding,
2111,Gl. Kirkevej,,7400 Herning,Herning,
2134,Gl. Landevej,,7400 Herning,Herning,
1377,Gl. Ringkøbingvej,Skt Johannes Sogn,7400 Herning,Herning,
2146,Gl. Skarrildvej,Arnborg Sogn,7400 Herning,Arnborg,Arnborg
320,Gl. Skolevej,S Felding Sogn,7280 Sønder Felding,Sdr. Felding,
2158,Gl. Skolevej,Skt Johannes Sogn,7400 Herning,Herning,
2172,Gl. Sundsvej,Sunds Sogn,7451 Sunds,Sunds,
2181,Gl. Vejlevej,,7400 Herning,Herning,
2185,Gl. Ørskovvej,Snejbjerg Sogn,7400 Herning,Snejbjerg,Snejbjerg
2209,Godsbanestien,,,,
2210,Godsbanevej,,7400 Herning,Herning,
2211,Godsbanevejs P Pl,,,,
1446,Godssporet,,,,
2216,Godthåbsvej,,7400 Herning,Herning,
323,Godthaabsvej,S Felding Sogn,7280 Sønder Felding,Sdr. Felding,
2220,Golfbanen,,7400 Herning,,
2222,Golfparken,Fredens Sogn,7400 Herning,Herning,
2223,Golfvej,,7400 Herning,,
2228,Gormsvej,Fredens Sogn,7400 Herning,Herning,
2242,Gottenborgvej,Arnborg Sogn,,Arnborg,Arnborg
325,Granbakken,Haderup Sogn,7540 Haderup,Haderup,
326,Grankærvej,Assing Sogn,6933 Kibæk,Kibæk,
2275,Granly,Sunds Sogn,7451 Sunds,Sunds,
327,Granlyvej,Tiphede Sogn,7480 Vildbjerg,Timring,
2290,Granskovvej,Ilskov Sogn,7451 Sunds,Ilskov,Ilskov
329,Granstien,Vind Sogn,7500 Holstebro,Vind,Vind
330,Grantoften,Vind Sogn,7500 Holstebro,Vind,Vind
331,Grantoften,Hodsager Sogn,7490 Aulum,Hodsager,Hodsager
2299,Granvænget,Skt Johannes Sogn,7400 Herning,Herning,
2334,Greenvej,Arnborg Sogn,7400 Herning,Arnborg,Arnborg
2346,Griegsvej,Rind Sogn,7400 Herning,Lind,Lind
334,Grimstrupvej,Timring Sogn,7480 Vildbjerg,Timring,
2350,Grovevej,,,,
2357,Grundtvigsvej,Skt Johannes Sogn,7400 Herning,Herning,
338,Grønbjergvej,Ørnhøj Sogn,6973 Ørnhøj,Ørnhøj,Abildå
339,Grønbækparken,Aulum Sogn,7490 Aulum,Aulum,
341,Grønbækstien,,,,
2381,Grøndahlsvej,Herning Sogn,7400 Herning,Herning,
347,Grønlandsvej,Vildbjerg Sogn,7480 Vildbjerg,Vildbjerg,
2390,Grønlundvej,Fasterholt Sogn,7330 Brande,Arnborg,Fasterholt
2393,Grønlundvænget,Fasterholt Sogn,7330 Brande,Arnborg,Fasterholt
348,Grønnegade,Assing Sogn,6933 Kibæk,Kibæk,
2404,Grønnegade,Herning Sogn,7400 Herning,Herning,
1406,Grønnegade P Plads,,,,
350,Grønningen,Vinding Sogn,7550 Sørvad,Vinding,
351,Grønningen,Aulum Sogn,7490 Aulum,Aulum,
2428,Grønningen,Studsgård Sogn,7400 Herning,Studsgård,Studsgård
352,Grønsværen,Aulum Sogn,7490 Aulum,Aulum,
354,Gråsandvej,Grove Sogn,7540 Haderup,Haderup,Grove
2463,Gudenåvej,Hedeager Sogn,7400 Herning,Herning,
2475,Gudhjemvej,Herning Sogn,7400 Herning,Herning,
2480,Gudumkærvej,Gjellerup Sogn,7400 Herning,,Nybo
2486,Guldager,Tjørring Sogn,7400 Herning,Tjørring,Tjørring
355,Guldbjergvej,Assing Sogn,6933 Kibæk,Kibæk,
2490,Guldborgvej,Herning Sogn,7400 Herning,Herning,
2498,Guldregnvej,Skt Johannes Sogn,7400 Herning,Herning,
2533,Gullestrupvej,,7400 Herning,,Gullestrup
2543,Gunderupvej,Kollund Sogn,7400 Herning,Lind,Kollund
1566,Gyldenrisvej,Snejbjerg Sogn,7400 Herning,Snejbjerg,Gødstrup
2550,Gyvelens Kvarter,Gullestrup Sogn,7400 Herning,Gullestrup,Hedebyen
2554,Gyvelstien,,,,
356,Gyvelvej,Vinding Sogn,7550 Sørvad,Vinding,
357,Gyvelvej,Aulum Sogn,7490 Aulum,Aulum,
2557,Gyvelvej,Skt Johannes Sogn,7400 Herning,Herning,
2595,Gødstrup Sø,,,,
2600,Gødstrup Søvej,Snejbjerg Sogn,7400 Herning,Snejbjerg,Gødstrup
2604,Gødstrupvej,Snejbjerg Sogn,7400 Herning,Snejbjerg,
1515,Gødstrupvænget,Snejbjerg Sogn,7400 Herning,Snejbjerg,Snejbjerg
358,Gårdbækvej,,7480 Vildbjerg,Timring,
361,Haderisvej,Haderup Sogn,7540 Haderup,Haderup,
1540,Haderup Omfartsvej,,,,
2668,Hagelskærvej,Studsgård Sogn,7400 Herning,Studsgård,Studsgård
366,Halkjærvej,Ørnhøj Sogn,6973 Ørnhøj,Ørnhøj,
370,Hallundbækvej,,,,
373,Hamletsvej,Nøvling Sogn,7480 Vildbjerg,Skibbild/Nøvling,Skibbild
2676,Hammershusvej,Herning Sogn,7400 Herning,Herning,
2678,Hammerumholmvej,Gjellerup Sogn,7400 Herning,Hammerum,Hammerum
2680,Hammerum Hovedgade,Gjellerup Sogn,7400 Herning,Hammerum,Hammerum
2681,Hammerum Hovedg P Pl,,,,
2682,Hammerumskolestien,,,,
2686,Hammerumvej,Kølkær Sogn,7400 Herning,Kølkær,Kølkær
2697,Hans Egedes Vej,Herning Sogn,7400 Herning,Herning,
2709,Haraldsgade,Fredens Sogn,7400 Herning,Herning,
2722,Haraldslundvej,Ilskov Sogn,7451 Sunds,Ilskov,Ilskov
378,Harreskovvej,Assing Sogn,6933 Kibæk,Kibæk,
2725,Harreskovvej,Arnborg Sogn,7400 Herning,Arnborg,Hjøllund
2733,Hartmannsvej,Hedeager Sogn,7400 Herning,Herning,
379,Hartvig Skramsvej,S Felding Sogn,7280 Sønder Felding,Sdr. Felding,
2744,Haslevgade,Fredens Sogn,7400 Herning,Herning,
2756,Hasselvej,Skt Johannes Sogn,7400 Herning,Herning,
2770,Haugevej,,7400 Herning,,
2798,Haunstrup Hovedgade,Haunstrup Sogn,7400 Herning,Snejbjerg,Haunstrup
381,Haunstrupvej,,7480 Vildbjerg,,Haunstrup
382,Havevej,Aulum Sogn,7490 Aulum,Aulum,
2800,Havremarken,Gjellerup Sogn,7400 Herning,Hammerum,Hammerum
2803,Havretoften,Snejbjerg Sogn,7400 Herning,Snejbjerg,Snejbjerg
383,Havrevej,Aulum Sogn,7490 Aulum,Aulum,
384,Havrevænget,Vildbjerg Sogn,7480 Vildbjerg,Vildbjerg,
2815,Havrevænget,Herning Sogn,7400 Herning,Herning,
2838,Haydnsvej,Hedeager Sogn,7400 Herning,Herning,
2615,H.C. Ørsteds Vej,,7400 Herning,Herning,
2839,Hedeager Kirkestien,,,,
389,Hedebyvej,S Felding Sogn,,Sdr. Felding,Troldhede
2840,Hedegårdvej,,7400 Herning,Kølkær,Kølkær
393,Hedegaardsvej,Assing Sogn,6933 Kibæk,Kibæk,
2850,Hedelandsvej,Skt Johannes Sogn,7400 Herning,Herning,
2880,Hedeskovvej,Ilskov Sogn,7451 Sunds,Ilskov,Ilskov
394,Hedevej,Haderup Sogn,7540 Haderup,Haderup,
2885,Heimdalsvej,Skt Johannes Sogn,7400 Herning,Herning,
2890,Helgesvej,Skt Johannes Sogn,7400 Herning,Herning,
396,Helleskovvej,Vildbjerg Sogn,7480 Vildbjerg,Vildbjerg,
1533,Helstrupbakken,Snejbjerg Sogn,7400 Herning,Snejbjerg,Snejbjerg
2909,Helstrupvej,Snejbjerg Sogn,7400 Herning,Snejbjerg,
2911,Helstrupvejs P Pl,,,,
1534,Helstrupvænget,Snejbjerg Sogn,7400 Herning,Snejbjerg,Snejbjerg
400,Henningsvej,Vinding Sogn,7550 Sørvad,Vinding,
2915,Henrik Dalgas Vej,Ilskov Sogn,7451 Sunds,Ilskov,Ilskov
2650,Herluf Trolles Vej,Skt Johannes Sogn,7400 Herning,Herning,
401,Hermodsvej,Nøvling Sogn,7480 Vildbjerg,Skibbild/Nøvling,Skibbild
2943,Herningholmstien,,,,
2945,Herningholmåstien,Tjørring Sogn,7400 Herning,Tjørring,Tjørring
2942,Herninglund,Herning Sogn,7400 Herning,Herning,
2941,Herninglund P Plads,Herning Sogn,7400 Herning,Herning,
2950,Herningmotorvejen,,,,
1479,Herningsholm Alle,Fredens Sogn,7400 Herning,Herning,
2944,Herningsholmvej,Fredens Sogn,7400 Herning,Herning,
402,Herningvej,Nøvling Sogn,7480 Vildbjerg,Skibbild/Nøvling,Skibbild
406,Herningvej,,7540 Haderup,Haderup,
2985,Herregårdsparken,,7400 Herning,,
2986,Hesselbjergvej,Gjellerup Sogn,7400 Herning,Hammerum,Hammerum
408,Hessellundvej,Haderup Sogn,7470 Karup J,Haderup,Egelund
412,Hesselvigvej,Skarrild Sogn,6933 Kibæk,Skarrild,Skarrild
2987,Hesseløvej,Skt Johannes Sogn,7400 Herning,Herning,
415,Hestbjergvej,,,,
416,Hestbjergvej,Vind Sogn,7500 Holstebro,Vind,Vind
2990,Hestlundvej,Ilskov Sogn,7451 Sunds,Ilskov,Ilskov
1496,Hilmar Sølunds Vej,,,,
2993,HI-Park,Gjellerup Sogn,7400 Herning,Hammerum,Hammerum
417,Hirsevænget,Aulum Sogn,7490 Aulum,Aulum,
419,Hjejlevej,Vildbjerg Sogn,7480 Vildbjerg,Vildbjerg,
421,Hjejlevej,S Felding Sogn,7280 Sønder Felding,Sdr. Felding,
2995,Hjejlevej,Sunds Sogn,7451 Sunds,Sunds,
2997,Hjejlevejstien,,,,
3001,Hjortdalvej,Arnborg Sogn,7400 Herning,Arnborg,Arnborg
3003,Hjortehøj,Ørre-Sinding Sogn,7400 Herning,Sinding,Sinding
1507,Hjortemarken,Ørre-Sinding Sogn,7400 Herning,Sinding,Sinding
3005,Hjortsballehøjevej,Rind Sogn,6933 Kibæk,Lind,
424,Hjortsballevej,,7480 Vildbjerg,,
425,Hjortsballevej,,,,
1572,Hjulkronevej,,,,
3015,Hjøllundvej,,7400 Herning,,Arnborg
2627,H.N. Andersens Vej,Herning Sogn,7400 Herning,Herning,
427,Hodsagervej,Hodsager Sogn,7490 Aulum,Hodsager,Hodsager
3020,Hodsagervej,Simmelkær Sogn,7451 Sunds,Simmelkær,Simmelkær
428,Hogagervej,Feldborg Sogn,7540 Haderup,Feldborg,Feldborg
3026,Holbækvej,Fredens Sogn,7400 Herning,Herning,
1529,Holing Engpark,Hedeager Sogn,7400 Herning,Herning,Holing
3030,Holingknuden,Herning Sogn,7400 Herning,Herning,
3032,Holing Sø,,,,
3070,Holingvej,Herning Sogn,7400 Herning,Herning,
3068,Hollingholtvej,Sunds Sogn,7451 Sunds,Sunds,
3073,Holmegårdvej,Rind Sogn,7400 Herning,Lind,Lind
1389,Holmen,,,,
430,Holm Parken,Skarrild Sogn,6933 Kibæk,Skarrild,Skarrild
3084,Holmparken,Fredens Sogn,7400 Herning,Herning,
3091,Holstebrobanestien,,,,
1517,Holstebromotorvejen,,,,
431,Holstebrovej,Vind Sogn,7500 Holstebro,Vind,Vind
432,Holstebrovej,Aulum Sogn,7490 Aulum,Aulum,
3096,Holstebrovej,,7400 Herning,Herning,
3130,Holtbjerg P Plads,,,,
433,Holtevej,Aulum Sogn,7490 Aulum,Aulum,
3132,Holtumvej,Arnborg Sogn,7400 Herning,Arnborg,Arnborg
3140,Holtvej,Rind Sogn,7400 Herning,Lind,Høgild
435,Hoppes Alle,Haderup Sogn,7540 Haderup,Haderup,
436,Horslundvej,Vinding Sogn,7550 Sørvad,Vinding,
437,Hosevej,Hodsager Sogn,7490 Aulum,Hodsager,Hodsager
1509,Hospitalsparken,Snejbjerg Sogn,7400 Herning,Snejbjerg,Gødstrup
438,Hovedgaden,Hodsager Sogn,7490 Aulum,Hodsager,Hodsager
439,Hovedgaden,Ørnhøj Sogn,6973 Ørnhøj,Ørnhøj,
440,Hovedgaden,Skarrild Sogn,6933 Kibæk,Skarrild,Skarrild
1401,Hovedgaden P Plads,,,,
441,Hovedvejen,Aulum Sogn,7490 Aulum,Aulum,
442,Hovenvej,Ilderhede Sogn,7270 Stakroge,Sdr. Felding,
2637,H P Hansenstien,,,,
2639,H.P. Hansens Vej,,7400 Herning,Herning,
3224,Humlevænget,Gjellerup Sogn,7400 Herning,Hammerum,Hammerum
446,Hvedde Mosevej,Assing Sogn,6933 Kibæk,Kibæk,
449,Hveddevej,,6933 Kibæk,,Skarrild
3237,Hvedemarken,Snejbjerg Sogn,7400 Herning,Snejbjerg,Snejbjerg
450,Hvedevej,Aulum Sogn,7490 Aulum,Aulum,
451,Hvedevænget,Vildbjerg Sogn,7480 Vildbjerg,Vildbjerg,
3252,Hvidelvej,Skt Johannes Sogn,7400 Herning,Herning,
3260,Hvidkildevej,Tjørring Sogn,7400 Herning,Tjørring,Tjørring
3265,Hvidkløvervej,Kølkær Sogn,7400 Herning,Kølkær,Kølkær
3268,Hvidmosevej,,7451 Sunds,,
3272,Hvillumsvej,Rind Sogn,7400 Herning,Lind,Lind
3285,Hvæslundvej,,7400 Herning,Studsgård,Studsgård
1464,Hyacintvej,Gjellerup Sogn,7400 Herning,Hammerum,
452,Hybenvej,Vildbjerg Sogn,7480 Vildbjerg,Vildbjerg,
3296,Hybenvej,Gjellerup Sogn,7400 Herning,Hammerum,Hammerum
453,Hybenvænget,Vildbjerg Sogn,7480 Vildbjerg,Vildbjerg,
3300,Hyldevænget,Skt Johannes Sogn,7400 Herning,Herning,
3307,Händelsvej,Hedeager Sogn,7400 Herning,Herning,
3332,Høgildgårdvej,,7400 Herning,,
455,Høgildgaardsvej,,,,
3340,Høgild Hovedgade,Rind Sogn,7400 Herning,Lind,Høgild
456,Høgildvej,Aulum Sogn,7490 Aulum,Aulum,
461,Høgsvigvej,S Felding Sogn,7280 Sønder Felding,Sdr. Felding,
463,Højager,Aulum Sogn,7490 Aulum,Aulum,
3343,Højager,Tjørring Sogn,7400 Herning,Tjørring,Tjørring
3354,Højbovej,Arnborg Sogn,7400 Herning,Arnborg,Arnborg
3360,Højen,Gjellerup Sogn,7400 Herning,Hammerum,Gjellerup
466,Højgade,Timring Sogn,7480 Vildbjerg,Timring,Timring
468,Højgade,Aulum Sogn,7490 Aulum,Aulum,
3378,Højgade,Gjellerup Sogn,7400 Herning,Hammerum,Hammerum
3380,Højgades P Plads,,,,
3401,Højgårdvej,Tjørring Sogn,7400 Herning,Tjørring,Tjørring
3403,Højgårdvænget,Tjørring Sogn,7400 Herning,Tjørring,Tjørring
465,Højgaardsvej,Karstoft Sogn,6933 Kibæk,Skarrild,Karstoft
470,Højmosevej,Feldborg Sogn,7540 Haderup,Feldborg,Feldborg
3410,Højskolevej,Gjellerup Sogn,7400 Herning,Hammerum,Birk
3448,Højvænget,Skt Johannes Sogn,7400 Herning,Herning,
3455,Hørmarken,Gjellerup Sogn,7400 Herning,Hammerum,Hammerum
3467,Håndværkervej,Gjellerup Sogn,7400 Herning,Hammerum,Hammerum
2662,Haakonsgade,Fredens Sogn,7400 Herning,Herning,
359,Haandværkervej,Assing Sogn,6933 Kibæk,Kibæk,
3470,Idrætsvej,Sunds Sogn,7451 Sunds,Sunds,
3475,Ikastvej,Ilskov Sogn,7451 Sunds,Ilskov,Ilskov
481,Ilderhede Kirkevej,Ilderhede Sogn,7270 Stakroge,Sdr. Felding,
483,Ilderhedevej,Ilderhede Sogn,7270 Stakroge,Sdr. Felding,
3507,Ildsgårdvej,Ilskov Sogn,7451 Sunds,Ilskov,Ilskov
3510,Ilskov Hovedgade,Ilskov Sogn,7451 Sunds,Ilskov,Ilskov
3512,Ilskov Hovedg P Pl,,,,
3535,Ilskovvej,,7451 Sunds,,
3542,Indertoften,Rind Sogn,7400 Herning,Lind,Lind
484,Industriparken,Assing Sogn,6933 Kibæk,Kibæk,
3554,Industriparken,Rind Sogn,7400 Herning,Lind,Lind
485,Industrivej,S Felding Sogn,7280 Sønder Felding,Sdr. Felding,
486,Industrivej,Aulum Sogn,7490 Aulum,Aulum,
488,Industrivej,Vildbjerg Sogn,7480 Vildbjerg,Vildbjerg,
489,Industrivej Nord,Aulum Sogn,7490 Aulum,Aulum,
3556,Industrivej Nord,Gjellerup Sogn,7400 Herning,Hammerum,
490,Industrivej Syd,Aulum Sogn,7490 Aulum,Aulum,
3558,Industrivej Syd,Gjellerup Sogn,7400 Herning,Hammerum,Birk
3560,Industrivænget,Rind Sogn,7400 Herning,Lind,Lind
1569,Ingefærvej,,,,
3565,Ingemannsvej,Skt Johannes Sogn,7400 Herning,Herning,
3568,Ingridsvej,Rind Sogn,7400 Herning,Lind,Lind
1478,Irishaven,Hedeager Sogn,7400 Herning,Herning,
1457,Irisstien,Skt Johannes Sogn,7400 Herning,Herning,
491,Irisvej,Aulum Sogn,7490 Aulum,Aulum,
3577,Irisvej,Herning Sogn,7400 Herning,Herning,
493,Islandsvej,Vildbjerg Sogn,7480 Vildbjerg,Vildbjerg,
3580,Islandsvej,Skt Johannes Sogn,7400 Herning,Herning,
3601,Jagtvej,Gjellerup Sogn,7400 Herning,Hammerum,Hammerum
3612,Jakob Knudsens Vej,Fredens Sogn,7400 Herning,Herning,
494,Jasminvej,Vinding Sogn,7550 Sørvad,Vinding,
3624,Jasminvej,Skt Johannes Sogn,7400 Herning,Herning,
496,J. Chr. Nielsens Vej,Timring Sogn,7480 Vildbjerg,Timring,Timring
497,Jens Jensensvej,Haderup Sogn,7540 Haderup,Haderup,
3630,Jens Mathiasens Vej,Gjellerup Sogn,7400 Herning,Hammerum,Hammerum
3635,Jens Provst Stien,,,,
3636,Jens Provsts Vej,Arnborg Sogn,,Arnborg,Arnborg
3648,Jeppe Aakjærs Vej,Fredens Sogn,7400 Herning,Herning,
498,Jernbane Alle,Vildbjerg Sogn,7480 Vildbjerg,Vildbjerg,
499,Jernbanegade,Aulum Sogn,7490 Aulum,Aulum,
500,Jernbanegade,Assing Sogn,6933 Kibæk,Kibæk,
3671,Jernbanegade,Gjellerup Sogn,7400 Herning,Hammerum,Hammerum
1426,Jernbanegade Ppladsv,,,,
1412,Jernbanegade Ppladsø,,,,
3673,Jernbanegades P Pl,,,,
3680,Jernkilde,Herning Sogn,7400 Herning,Herning,
507,Jersildvej,Aulum Sogn,7490 Aulum,Aulum,
509,Johansvej,Vildbjerg Sogn,7480 Vildbjerg,Vildbjerg,
3690,Jordbærmarken,Tjørring Sogn,7400 Herning,Tjørring,Tjørring
3589,J. Skjoldborgs Vej,Fredens Sogn,7400 Herning,Herning,
512,Jyllandsgade,Vildbjerg Sogn,7480 Vildbjerg,Vildbjerg,
513,Jyllandsgade,Aulum Sogn,7490 Aulum,Aulum,
3706,Jyllandsgade,Herning Sogn,7400 Herning,Herning,
514,Jættevej,Nøvling Sogn,7480 Vildbjerg,Skibbild/Nøvling,Skibbild
3730,Kaj Munks Vej,Fredens Sogn,7400 Herning,Herning,
3735,Kaj Munks Vænget,Fredens Sogn,7400 Herning,Herning,
3738,Kaj Zartows Vej,,7400 Herning,,
515,Kaldalsvej,Skarrild Sogn,6933 Kibæk,Skarrild,Skarrild
3741,Kalundborgvej,Fredens Sogn,7400 Herning,Herning,
1568,Kamillevej,,,,
3748,Kampmannsgade,Herning Sogn,7400 Herning,Herning,
1510,Kapelvej,Snejbjerg Sogn,7400 Herning,Snejbjerg,Gødstrup
3753,Kaprifolievej,Skt Johannes Sogn,7400 Herning,Herning,
517,Karetmagervej,Aulum Sogn,7490 Aulum,Aulum,
1481,Karolinelund,Fredens Sogn,7400 Herning,Herning,
519,Karupvej,Haderup Sogn,,Haderup,
3778,Karupvej,Ilskov Sogn,7451 Sunds,Ilskov,Ilskov
521,Kastanie Alle,Assing Sogn,6933 Kibæk,Kibæk,
522,Kastaniealle,Aulum Sogn,7490 Aulum,Aulum,
3812,Kastanie Alle,Gjellerup Sogn,7400 Herning,Hammerum,Hammerum
523,Kastanievej,S Felding Sogn,7280 Sønder Felding,Sdr. Felding,
3823,Kastanievej,Sunds Sogn,7451 Sunds,Sunds,
1520,Kastanjebakken,Tjørring Sogn,7400 Herning,Tjørring,Tjørring
3828,Keldsgårdvej,Sunds Sogn,7451 Sunds,Sunds,Linå
3833,Kiderisvej,Rind Sogn,7400 Herning,Lind,Lind
3840,Kiersvej,Sunds Sogn,7451 Sunds,Sunds,Røjen
3846,Kikkenborgstien,,,,
3847,Kikkenborgvej,Skt Johannes Sogn,7400 Herning,Herning,
3852,Kildehøj,Gjellerup Sogn,7400 Herning,Hammerum,Gjellerup
3855,Kildehøjstien,,,,
1538,Kildeskovvej,Fasterholt Sogn,7330 Brande,Arnborg,Fasterholt
528,Kildevangen,Skarrild Sogn,6933 Kibæk,Skarrild,Skarrild
529,Kildevej,Aulum Sogn,7490 Aulum,Aulum,
3859,Kingosvej,Skt Johannes Sogn,7400 Herning,Herning,
1486,Kirkebakken,Gjellerup Sogn,7400 Herning,Hammerum,Gjellerup
3875,Kirkebyvej,Gjellerup Sogn,7400 Herning,Hammerum,Gjellerup
532,Kirkegade,Aulum Sogn,7490 Aulum,Aulum,
533,Kirkegade,Vildbjerg Sogn,7480 Vildbjerg,Vildbjerg,
531,Kirkegaardevej,Assing Sogn,6933 Kibæk,Kibæk,
535,Kirkely,Vildbjerg Sogn,7480 Vildbjerg,Vildbjerg,
3945,Kirkely,Gjellerup Sogn,7400 Herning,Hammerum,Gjellerup
536,Kirkepladsen,Skarrild Sogn,6933 Kibæk,Skarrild,Skarrild
1427,Kirkestien,,,,
537,Kirkestræde,Hodsager Sogn,7490 Aulum,Hodsager,Hodsager
3950,Kirkesvinget,Kølkær Sogn,7400 Herning,Kølkær,Kølkær
538,Kirkevangen,Vinding Sogn,7550 Sørvad,Vinding,
541,Kirkevej,Haderup Sogn,7540 Haderup,Haderup,
3974,Kirkevængestien,,,,
3975,Kirkevænget,Gjellerup Sogn,7400 Herning,Hammerum,Gjellerup
543,Kirsdalvej,S Felding Sogn,7280 Sønder Felding,Sdr. Felding,
1577,Kirsebærbakken,,7400 Herning,,Tjørring
544,Kirsebærhaven,Vildbjerg Sogn,7480 Vildbjerg,Vildbjerg,
3998,Kirsebærmosen,Haunstrup Sogn,7400 Herning,Snejbjerg,Haunstrup
4011,Kjærgaardsvej,Sunds Sogn,7451 Sunds,Sunds,
546,Kjærs Vej,Ørnhøj Sogn,6973 Ørnhøj,Ørnhøj,
548,Klejnstrupvej,Vinding Sogn,7550 Sørvad,Vinding,
549,Klinkegaardsvej,Skarrild Sogn,6933 Kibæk,Skarrild,Skarrild
4030,Klinkhøjvej,,,,
550,Klintebakken,Assing Sogn,6933 Kibæk,Kibæk,
1422,Klintebakkestien,,,,
552,Klinten,Assing Sogn,6933 Kibæk,Kibæk,
4035,Klintevænget,Tjørring Sogn,7400 Herning,Tjørring,Tjørring
4037,Klintholmvej,Tjørring Sogn,7400 Herning,Tjørring,Tjørring
4039,Klokkebakken,Gjellerup Sogn,7400 Herning,Hammerum,Gjellerup
1499,Klokkeblomsten,Snejbjerg Sogn,7400 Herning,Snejbjerg,Snejbjerg
4038,Klokkehøj,Gjellerup Sogn,7400 Herning,Hammerum,Gjellerup
4040,Klokkekildevej,Gjellerup Sogn,7400 Herning,Hammerum,Gjellerup
4041,Klokkevænget,Gjellerup Sogn,7400 Herning,Hammerum,Gjellerup
553,Kløvermarken,Vildbjerg Sogn,7480 Vildbjerg,Vildbjerg,
4046,Kløvermarken,Herning Sogn,7400 Herning,Herning,
1371,Kløverparken,Snejbjerg Sogn,7400 Herning,Snejbjerg,Snejbjerg
1508,Kløvertorvet,,,,
556,Kløvervej,Aulum Sogn,7490 Aulum,Aulum,
4050,Kløvervej,Gjellerup Sogn,7400 Herning,Hammerum,Birk
557,Kløvervænget,Skarrild Sogn,6933 Kibæk,Skarrild,Skarrild
4070,Kløvervænget,Snejbjerg Sogn,7400 Herning,Snejbjerg,Snejbjerg
3720,K. Møllers Vej,Gjellerup Sogn,7400 Herning,Hammerum,Hammerum
4092,Knudmoseparken,Rind Sogn,7400 Herning,Lind,Lind
4096,Knudmosesøerne,,,,
4095,Knudmosevej,,7400 Herning,Lind,
4082,Knud Rasmussens Vej,Herning Sogn,7400 Herning,Herning,
4128,Knudsvej,Fredens Sogn,7400 Herning,Herning,
4140,Knuthenborgvej,Tjørring Sogn,7400 Herning,Tjørring,Tjørring
558,Koldkjærvej,Vinding Sogn,7550 Sørvad,Vinding,
4155,Kollund Byvej,Kollund Sogn,7400 Herning,Lind,Kollund
4164,Kollundvej,,7400 Herning,Lind,
4175,Kongeåvej,Hedeager Sogn,7400 Herning,Herning,
4180,Kornblomstens Kvart,Gullestrup Sogn,7400 Herning,Gullestrup,Engbyen
561,Kornstien,,,,
562,Korsbækvej,Vinding Sogn,7550 Sørvad,Vinding,
564,Korsholmsvej,Aulum Sogn,7490 Aulum,Aulum,
1500,Korsholmsvænget,Aulum Sogn,7490 Aulum,Aulum,
565,Korshøjvej,,7480 Vildbjerg,,
4199,Korsørvej,Fredens Sogn,7400 Herning,Herning,
1375,Kousgaards Plads,Herning Sogn,7400 Herning,Herning,
4210,Koustrup Alle,Rind Sogn,7400 Herning,Lind,Lind
4212,Koustrup Alle Stien,,,,
1557,Koustrup Have,Rind Sogn,7400 Herning,Lind,
4214,Koustrup Mark,Rind Sogn,7400 Herning,Lind,Lind
4215,Koustrupparken,Rind Sogn,7400 Herning,Lind,Lind
4236,Kragsnapvej,Ørre-Sinding Sogn,7400 Herning,Sinding,
4246,Krarupsvej,Fredens Sogn,7400 Herning,Herning,
1067,Kristiansvænget,Rind Sogn,7400 Herning,Lind,Lind
4269,Krogen,Rind Sogn,7400 Herning,Lind,Lind
4282,Kroghøjvej,Ørre-Sinding Sogn,7400 Herning,Sinding,Sinding
4294,Krogslundvej,Gjellerup Sogn,7400 Herning,Hammerum,Hammerum
4303,Krogstrupvej,Snejbjerg Sogn,7400 Herning,Snejbjerg,Snejbjerg
4310,Krogvejen,Arnborg Sogn,7400 Herning,Arnborg,Arnborg
4316,Kromarkvej,Tjørring Sogn,7400 Herning,Tjørring,Tjørring
567,Kronbakkevej,Aulum Sogn,7490 Aulum,Aulum,
568,Kronborgvej,Aulum Sogn,7490 Aulum,Aulum,
4332,Krusbjergvej,Sunds Sogn,7451 Sunds,Sunds,Linå
4352,Krøjgårdvej,Gjellerup Sogn,7400 Herning,Hammerum,
4355,Krøsbærvej,Kølkær Sogn,7400 Herning,Kølkær,Kølkær
4363,Kuhlausvej,Hedeager Sogn,7400 Herning,Herning,
569,Kulvej,Aulum Sogn,7490 Aulum,Aulum,
4375,Kvalsholmvej,Sunds Sogn,7451 Sunds,Sunds,
4382,Kvindvadvej,Ørre-Sinding Sogn,7400 Herning,Sinding,Sinding
570,Kvædevej,Vinding Sogn,7550 Sørvad,Vinding,
4398,Kæret,Snejbjerg Sogn,7400 Herning,Snejbjerg,Langvadbjerg
571,Kærgårdvej,Aulum Sogn,7490 Aulum,Aulum,
572,Kærhaven,Vildbjerg Sogn,7480 Vildbjerg,Vildbjerg,
575,Kærhedevej,,,Sdr. Felding,Sandet
578,Kærmindevej,Vildbjerg Sogn,7480 Vildbjerg,Vildbjerg,
4422,Kærmindevej,Herning Sogn,7400 Herning,Herning,
4425,Kærmosevej,Simmelkær Sogn,7451 Sunds,Simmelkær,Simmelkær
580,Kærrimmervej,Timring Sogn,7480 Vildbjerg,Timring,
4430,Kæruldvej,Rind Sogn,7400 Herning,Lind,Høgild
4433,Kærvej,Skt Johannes Sogn,7400 Herning,Herning,
581,Kærvænget,Vildbjerg Sogn,7480 Vildbjerg,Vildbjerg,
4445,Køgevej,Fredens Sogn,7400 Herning,Herning,
4450,Kølbækvej,Sunds Sogn,7451 Sunds,Sunds,
4475,Kølkær Hovedgade,Kølkær Sogn,7400 Herning,Kølkær,Kølkær
4477,Kølkær Hovedg P Pl,,,,
4476,Kølkær Kirke P Plads,,,,
4479,Kølkærvej,Gjellerup Sogn,7400 Herning,Hammerum,Hammerum
4492,Labyrinten,Snejbjerg Sogn,7400 Herning,Snejbjerg,Snejbjerg
583,Laksestien,Skarrild Sogn,6933 Kibæk,Skarrild,Skarrild
4494,Landbrugsskolestien,,,,
584,Landsbyparken,Assing Sogn,6933 Kibæk,Kibæk,
1418,Landsbyparkstien,,,,
4496,Landts Gård,Herning Sogn,7400 Herning,Herning,
4498,Langbakkevej,,7451 Sunds,,Simmelkær
585,Langbovej,Aulum Sogn,7490 Aulum,Aulum,
4510,Langelandsvej,Fredens Sogn,7400 Herning,Herning,
4529,Langelundvej,Gjellerup Sogn,7400 Herning,Hammerum,Hammerum
4516,Lange-Müllers Vej,Hedeager Sogn,7400 Herning,Herning,
587,Langgade,,7540 Haderup,,Feldborg
588,Langgade,Vinding Sogn,7550 Sørvad,Vinding,
4532,Langtoften,Rind Sogn,7400 Herning,Lind,Lind
4552,Langvadbjergvej,Snejbjerg Sogn,7400 Herning,Snejbjerg,Snejbjerg
4555,Langvad Enge,Snejbjerg Sogn,7400 Herning,Snejbjerg,
4562,Lathyrusvej,Herning Sogn,7400 Herning,Herning,
4574,Laubsvej,Hedeager Sogn,7400 Herning,Herning,
4586,Laulundgade,Fredens Sogn,7400 Herning,Herning,
1558,Laust Kristensens Pl,Rind Sogn,7400 Herning,Lind,Lind
4598,Lavendelvej,Herning Sogn,7400 Herning,Herning,
591,Lavlundvej,Skarrild Sogn,6933 Kibæk,Skarrild,Skarrild
4609,Leharsvej,Hedeager Sogn,7400 Herning,Herning,
4618,Lerbjerg,Snejbjerg Sogn,7400 Herning,Snejbjerg,Snejbjerg
4621,Lergravsvej,Snejbjerg Sogn,7400 Herning,Snejbjerg,Snejbjerg
595,Lergravvej,Aulum Sogn,7490 Aulum,Aulum,
596,Letlandsvej,Vildbjerg Sogn,7480 Vildbjerg,Vildbjerg,
4630,Ligustervej,Gjellerup Sogn,7400 Herning,Hammerum,Hammerum
4645,Lillelundvej,Herning Sogn,7400 Herning,Herning,
599,Lille Pugdalvej,Vildbjerg Sogn,7480 Vildbjerg,Vildbjerg,
602,Lillevej,Ilderhede Sogn,7270 Stakroge,Sdr. Felding,Sandet
603,Linde Alle,Vildbjerg Sogn,7480 Vildbjerg,Vildbjerg,
4668,Linde Alle,Herning Sogn,7400 Herning,Herning,
1441,Lindebakken,Tjørring Sogn,7400 Herning,Tjørring,Tjørring
4680,Lindegårdsvej,,7400 Herning,Herning,
604,Lindevej,S Felding Sogn,7280 Sønder Felding,Sdr. Felding,
4670,Lind Hovedgade,Rind Sogn,7400 Herning,Lind,Lind
4682,Lind Skole P Plads,,,,
4714,Linnebjergvej,,7451 Sunds,,
4705,Linåparken,Sunds Sogn,7451 Sunds,Sunds,
4707,Linåtoften,Sunds Sogn,7451 Sunds,Sunds,
4710,Linåvej,Sunds Sogn,7451 Sunds,Sunds,
4711,Linåvængestien,,,,
4712,Linåvænget,Sunds Sogn,7451 Sunds,Sunds,
4716,Liselundstien,,,,
4715,Liselundvej,Tjørring Sogn,7400 Herning,Tjørring,Tjørring
4728,Ljørringvej,,,,Sinding
1447,Logistikvej,Gjellerup Sogn,7400 Herning,Hammerum,
607,Lokesvej,Nøvling Sogn,7480 Vildbjerg,Skibbild/Nøvling,Skibbild
4738,Lollandsvej,Herning Sogn,7400 Herning,Herning,
4762,Louisevej,Snejbjerg Sogn,7400 Herning,Snejbjerg,Snejbjerg
4774,Lumbyesvej,Rind Sogn,7400 Herning,Lind,Lind
4786,Lundagervej,,7400 Herning,Tjørring,Gødstrup
610,Lundbyvej,Aulum Sogn,7490 Aulum,Aulum,
612,Lundgårdsparken,Aulum Sogn,7490 Aulum,Aulum,
611,Lundgaardsgade,Aulum Sogn,7490 Aulum,Aulum,
613,Lundholmvej,Haderup Sogn,7470 Karup J,Haderup,Egelund
4800,Lundhuse,Gjellerup Sogn,7400 Herning,Hammerum,Nybo
4802,Lund Møllestien,,,,
4805,Lundvej,Gjellerup Sogn,7400 Herning,Hammerum,
4820,Lupinens Kvarter,Gullestrup Sogn,7400 Herning,Gullestrup,Engbyen
1458,Lupinstien,Skt Johannes Sogn,7400 Herning,Herning,
617,Lupinvænget,S Felding Sogn,7280 Sønder Felding,Sdr. Felding,
1452,Lustrupvej,,,,
4485,L.V. Bircks Vej,Gjellerup Sogn,7400 Herning,Hammerum,Hammerum
620,Lyager,Assing Sogn,6933 Kibæk,Kibæk,
4856,Lykkesvej,Skt Johannes Sogn,7400 Herning,Herning,
4857,Lyngborgvej,Haunstrup Sogn,7400 Herning,Snejbjerg,Haunstrup
624,Lyngen,Aulum Sogn,7490 Aulum,Aulum,
4858,Lyngens Kvarter,Gullestrup Sogn,7400 Herning,Gullestrup,
4862,Lyngheden,,,,
627,Lyngholmsvej,Ilderhede Sogn,,Sdr. Felding,
4859,Lyngshuse,Kølkær Sogn,7400 Herning,Kølkær,Kølkær
628,Lyngskrænten,Haderup Sogn,7540 Haderup,Haderup,
629,Lyngtoften,Hodsager Sogn,7490 Aulum,Hodsager,Hodsager
4860,Lyngvej,Kølkær Sogn,7400 Herning,Kølkær,Kølkær
1450,Lysgårdstien,,,,
632,Lysgård Søvej,Vildbjerg Sogn,7480 Vildbjerg,Vildbjerg,
635,Lysgårdvej,Vildbjerg Sogn,7480 Vildbjerg,Vildbjerg,
4867,Lyshøjen,Tjørring Sogn,7400 Herning,Tjørring,Tjørring
636,Lystlundvej,Vind Sogn,6990 Ulfborg,Vind,Vind
4885,Lyøvej,Gjellerup Sogn,7400 Herning,Hammerum,Hammerum
4888,Læhegnet,,,,
1469,Lærkereden,Hedeager Sogn,7400 Herning,Herning,
4895,Lærkeskovvej,Ilskov Sogn,7451 Sunds,Ilskov,Ilskov
1380,Lærketoften,Timring Sogn,7480 Vildbjerg,Timring,
637,Lærkevej,Vildbjerg Sogn,7480 Vildbjerg,Vildbjerg,
639,Lærkevej,Haderup Sogn,7540 Haderup,Haderup,
640,Lærkevej,S Felding Sogn,7280 Sønder Felding,Sdr. Felding,
4903,Lærkevej,Gjellerup Sogn,7400 Herning,Hammerum,Hammerum
4926,Læstedet,Rind Sogn,7400 Herning,Lind,Lind
4950,Læsøvej,Skt Johannes Sogn,7400 Herning,Herning,
642,Løgagervej,,,,
4955,Løvbakkevej,,7400 Herning,,
644,Løvigvej,Haderup Sogn,7540 Haderup,Haderup,
5000,Mads Eg Damgaards Ve,Skt Johannes Sogn,7400 Herning,Herning,
1551,Majsvænget,Vildbjerg Sogn,7480 Vildbjerg,Vildbjerg,
5008,Manøvej,Skt Johannes Sogn,7400 Herning,Herning,
1555,Margrete Gluds Gade,Herning Sogn,7400 Herning,Herning,
5020,Margrethesvej,Rind Sogn,7400 Herning,Lind,Lind
5032,Maribovej,Herning Sogn,7400 Herning,Herning,
5043,Marievej,Snejbjerg Sogn,7400 Herning,Snejbjerg,Snejbjerg
646,Markedspladsen,Aulum Sogn,7490 Aulum,Aulum,
5048,Markedspladsen,Skt Johannes Sogn,7400 Herning,Herning,
5060,Markskellet,Kølkær Sogn,7400 Herning,Kølkær,Kølkær
5066,Markstien,Snejbjerg Sogn,7400 Herning,Snejbjerg,Snejbjerg
648,Markvænget,Aulum Sogn,7490 Aulum,Aulum,
650,Markvænget,S Felding Sogn,7280 Sønder Felding,Sdr. Felding,
651,Markvænget,Timring Sogn,7480 Vildbjerg,Timring,Timring
5079,Markvænget,Gjellerup Sogn,7400 Herning,Hammerum,Hammerum
5082,Mejeriparken,Snejbjerg Sogn,7400 Herning,Snejbjerg,Snejbjerg
5090,Mejrupvej,Simmelkær Sogn,7451 Sunds,Simmelkær,Simmelkær
655,Mejsevej,Timring Sogn,7480 Vildbjerg,Timring,Timring
5110,Mejsevej,Gjellerup Sogn,7400 Herning,Hammerum,Hammerum
5135,Mellemlundvej,Kølkær Sogn,7400 Herning,Kølkær,Kølkær
5149,Mellemtoften,Rind Sogn,7400 Herning,Lind,Lind
5155,Mergelsigvej,Studsgård Sogn,7400 Herning,Studsgård,Studsgård
5153,Merkurvej,Fredens Sogn,7400 Herning,Herning,
1563,Merrildparken,Vildbjerg Sogn,7480 Vildbjerg,Vildbjerg,
5158,Merrildvej,,,,Sinding
5101,Messecentre P Pl 1,,,,
5102,Messecentre P Pl 2,,,,
5103,Messecentre P Pl 3,,,,
1449,Messemotorvejen,Snejbjerg Sogn,7400 Herning,Snejbjerg,Snejbjerg
5160,Messevejen,,7400 Herning,Herning,
5164,Michael Jensens Vej,Tjørring Sogn,7400 Herning,Tjørring,Tjørring
658,Midgaardsvej,Nøvling Sogn,7480 Vildbjerg,Skibbild/Nøvling,
1373,Midtjyske Motorvej,Arnborg Sogn,7400 Herning,Arnborg,
5159,Milehøjen,Tjørring Sogn,7400 Herning,Tjørring,Tjørring
662,Miljøkrogen,Ilderhede Sogn,7270 Stakroge,Sdr. Felding,
5177,Miljøvej,,7400 Herning,Herning,
5161,Mindegade,Herning Sogn,7400 Herning,Herning,
5162,Mindelundvej,,7400 Herning,,
5163,Mindestenvej,Gjellerup Sogn,7400 Herning,Hammerum,Nybo
664,Mindsvej,S Felding Sogn,7280 Sønder Felding,Sdr. Felding,
669,Moesgårdvej,Vinding Sogn,7550 Sørvad,Vinding,
5165,Momhøjvej,Studsgård Sogn,7400 Herning,Studsgård,Studsgård
5166,Momhøjvejs P Plads,,,,
5167,Momhøjvænget,Studsgård Sogn,7400 Herning,Studsgård,Studsgård
5172,Monradsgade,Herning Sogn,7400 Herning,Herning,
671,Morbærhaven,Vildbjerg Sogn,7480 Vildbjerg,Vildbjerg,
1574,Morgenfruevej,,,,
672,Mosegaardsvej,S Felding Sogn,7280 Sønder Felding,Sdr. Felding,
674,Mosevej,Skarrild Sogn,6933 Kibæk,Skarrild,Skarrild
677,Mosevænget,Aulum Sogn,7490 Aulum,Aulum,
681,Mosevænget,Ørnhøj Sogn,6973 Ørnhøj,Ørnhøj,
5219,Mozartsvej,Hedeager Sogn,7400 Herning,Herning,
5250,Munkgårdkvarteret,Snejbjerg Sogn,7400 Herning,Snejbjerg,Snejbjerg
5253,Munkgårds Alle,Snejbjerg Sogn,7400 Herning,Snejbjerg,Snejbjerg
5251,Munkgårdstien,,,,
5252,Munkgårdvænget,Snejbjerg Sogn,7400 Herning,Snejbjerg,Snejbjerg
5255,Museumsgade,Herning Sogn,7400 Herning,Herning,
5257,Museumsgades P Pl,,,,
5266,Mylius Erichsens Vej,Herning Sogn,7400 Herning,Herning,
1567,Myntevej,,,,
683,Mølgårdvej,Hodsager Sogn,7490 Aulum,Hodsager,Hodsager
684,Mølholmvej,S Felding Sogn,7280 Sønder Felding,Sdr. Felding,
687,Møllebakken,Timring Sogn,7480 Vildbjerg,Timring,Timring
5270,Møllebakken,Gjellerup Sogn,7400 Herning,Hammerum,Gjellerup
688,Møllebyvej,Assing Sogn,6933 Kibæk,Kibæk,
689,Mølledamsvej,S Felding Sogn,7280 Sønder Felding,Sdr. Felding,
695,Møllegade,Vildbjerg Sogn,7480 Vildbjerg,Vildbjerg,
5301,Møllegade,,7400 Herning,Herning,
5304,Møllegades P Plads,,,,
691,Møllegaarden,Assing Sogn,6933 Kibæk,Kibæk,
1420,Møllegaardsstien,,,,
693,Møllegaardsvej,Assing Sogn,6933 Kibæk,Kibæk,
1539,Møllehøj,Skt Johannes Sogn,7400 Herning,Herning,
5315,Møllekrogen,Sunds Sogn,7451 Sunds,Sunds,
697,Mølleparken,Vildbjerg Sogn,7480 Vildbjerg,Vildbjerg,
699,Mølleparken,Feldborg Sogn,7540 Haderup,Feldborg,Feldborg
5330,Mølleskovvej,Ilskov Sogn,7451 Sunds,Ilskov,Ilskov
700,Møllestræde,Aulum Sogn,7490 Aulum,Aulum,
701,Mølletoften,Vinding Sogn,7550 Sørvad,Vinding,
702,Møllevangen,Vinding Sogn,7550 Sørvad,Vinding,
705,Møllevej,Feldborg Sogn,7540 Haderup,Feldborg,Feldborg
706,Møllevej,S Felding Sogn,7280 Sønder Felding,Sdr. Felding,
709,Møllevænget,Assing Sogn,6933 Kibæk,Kibæk,
5337,Møllevænget,Skt Johannes Sogn,7400 Herning,Herning,
711,Mølstedvej,Timring Sogn,7480 Vildbjerg,Timring,
716,Møltrupvej,Timring Sogn,7480 Vildbjerg,Timring,Timring
1546,Mørup Nord,Snejbjerg Sogn,7400 Herning,Snejbjerg,
1542,Mørup Syd,Rind Sogn,7400 Herning,Lind,Mørup
5360,Mørupvej,,7400 Herning,,Mørup
1467,Mågereden,Hedeager Sogn,7400 Herning,Herning,
717,Mågevej,S Felding Sogn,7280 Sønder Felding,Sdr. Felding,
4961,Mågevej,Hedeager Sogn,7400 Herning,Herning,
5366,Nabkærstien,Gjellerup Sogn,7400 Herning,Hammerum,
1465,Nabkærvej,Gjellerup Sogn,7400 Herning,Hammerum,
5372,Nakskovvej,Herning Sogn,7400 Herning,Herning,
722,Natovej,Grove Sogn,7540 Haderup,Haderup,Grove
5380,Navervej,Sunds Sogn,7451 Sunds,Sunds,
725,Nederbyvej,S Felding Sogn,7280 Sønder Felding,Sdr. Felding,
728,Nedergårdvej,Ørnhøj Sogn,6973 Ørnhøj,Ørnhøj,
5395,Nedertoften,Tjørring Sogn,7400 Herning,Tjørring,Tjørring
729,Nedre Agersigvej,Assing Sogn,6933 Kibæk,Kibæk,
730,Nedre Bukkjærvej,Assing Sogn,6933 Kibæk,Kibæk,
5407,Neksøvej,Herning Sogn,7400 Herning,Herning,
5419,Niels Bohrs Vej,Herning Sogn,7400 Herning,Herning,
1511,Niels Holst-S. Plads,,,,
1502,Niels Mouritsens Pl,,,,
731,Niels Mouritsens Vej,Vildbjerg Sogn,7480 Vildbjerg,Vildbjerg,
5430,Niels W. Gades Vej,Hedeager Sogn,7400 Herning,Herning,
1484,Nis Petersens Gård,Herning Sogn,7400 Herning,Herning,
5442,Nis Petersens Vej,Fredens Sogn,7400 Herning,Herning,
5364,N.O. Hansens Vej,Gjellerup Sogn,7400 Herning,Hammerum,Hammerum
5454,Nordgaden,Snejbjerg Sogn,7400 Herning,Snejbjerg,Snejbjerg
5455,Nordlandsvej,Sunds Sogn,7451 Sunds,Sunds,
5456,Nordlysvej,Sunds Sogn,7451 Sunds,Sunds,
1393,Nordmarken,Sunds Sogn,7451 Sunds,Sunds,
5460,Nordpassagen,Sunds Sogn,7451 Sunds,Sunds,
5459,Nordre Kirkegårdstie,,,,
5461,Nordringen,Sunds Sogn,7451 Sunds,Sunds,
1527,Nordskrænten,Gullestrup Sogn,7400 Herning,Gullestrup,Gullestrup
5462,Nordstien,Sunds Sogn,7451 Sunds,Sunds,
5463,Nordstjernevej,Sunds Sogn,7451 Sunds,Sunds,
5464,Nordsøvej,Sunds Sogn,7451 Sunds,Sunds,
732,Nordtoften,Ørnhøj Sogn,6973 Ørnhøj,Ørnhøj,
5466,Nordveststien,,,,
5465,Nordvænget,Sunds Sogn,7451 Sunds,Sunds,
733,Norgesvej,Vildbjerg Sogn,7480 Vildbjerg,Vildbjerg,
5477,Norgesvej,Skt Johannes Sogn,7400 Herning,Herning,
734,Nr. Bredgade,Assing Sogn,6933 Kibæk,Kibæk,
5745,Nr. Greenvej,Arnborg Sogn,7400 Herning,Arnborg,Arnborg
737,Nr. Grenevej,Skarrild Sogn,6933 Kibæk,Skarrild,Skarrild
5755,Nr. Holtumvej,,7400 Herning,Arnborg,Arnborg
739,Nr. Hveddevej,Assing Sogn,6933 Kibæk,Kibæk,
741,Nr. Karstoftvej,,6933 Kibæk,Skarrild,
5536,Nr. Lindvej,Rind Sogn,7400 Herning,Lind,Lind
5540,Nr. Lindvænget,Rind Sogn,7400 Herning,Lind,Lind
744,Nr. Mosevej,Timring Sogn,7480 Vildbjerg,Timring,Timring
5873,Nr. Vejenvej,Rind Sogn,7400 Herning,Lind,Nr Vejen
746,Nybogårdvej,Nøvling Sogn,7480 Vildbjerg,Skibbild/Nøvling,
747,Nyborg Huse,Nøvling Sogn,7480 Vildbjerg,Skibbild/Nøvling,
748,Nybovej,Nøvling Sogn,7480 Vildbjerg,Skibbild/Nøvling,
5552,Nybovej,Gjellerup Sogn,7400 Herning,Sunds,Nybo
5565,Nybro Møllevej,Ørre-Sinding Sogn,7400 Herning,Sinding,Ørre
5572,Nybyvej,Ørre-Sinding Sogn,7400 Herning,Sinding,Sinding
751,Nygade,Vildbjerg Sogn,7480 Vildbjerg,Vildbjerg,
752,Nygade,Assing Sogn,6933 Kibæk,Kibæk,
757,Nygade,Haderup Sogn,7540 Haderup,Haderup,
5606,Nygade,Herning Sogn,7400 Herning,Herning,
5609,Nygades P Plads,Herning Sogn,7400 Herning,Herning,
5545,Ny Gjellerupvej,Gjellerup Sogn,7400 Herning,Hammerum,Hammerum
5598,Nygårdparken,Gjellerup Sogn,7400 Herning,Hammerum,Gjellerup
5599,Nygårdparkstien,,,,
758,Nygårdsvej,S Felding Sogn,7280 Sønder Felding,Sdr. Felding,
759,Nygårdvej,Haderup Sogn,7540 Haderup,Haderup,
1541,Nyhavn,,,,
760,Nylandsvej,Vildbjerg Sogn,7480 Vildbjerg,Vildbjerg,
5548,Ny Møllevej,Skt Johannes Sogn,7400 Herning,Herning,
5635,Nyskovvej,Ilskov Sogn,7451 Sunds,Ilskov,Ilskov
5550,Ny Smedegårdvej,,7400 Herning,Studsgård,
5640,Nystedvej,Herning Sogn,7400 Herning,Herning,
5641,Nytoftevej,Sunds Sogn,7400 Herning,Sunds,Nybo
5642,Nyvangsvej,Rind Sogn,7400 Herning,Lind,Lind
763,Nyvej,Karstoft Sogn,6933 Kibæk,Skarrild,Karstoft
5650,Nyvænget,Gjellerup Sogn,7400 Herning,Hammerum,Hammerum
5655,Nøddekrogen,Sunds Sogn,7451 Sunds,Sunds,
5660,Nøddevej,Sunds Sogn,7451 Sunds,Sunds,
5665,Nørgaards Alle,Herning Sogn,7400 Herning,Herning,
5668,Nørgaardstien,,,,
765,Nørhedevej,,6973 Ørnhøj,,Vind
5698,Nørholmstien,,,,
5700,Nørholmvej,Herning Sogn,7400 Herning,Herning,
5702,Nørholmvejs P Plads,,,,
5720,Nørlundvej,Kølkær Sogn,7400 Herning,Kølkær,Kølkær
766,Nørre Alle,Vildbjerg Sogn,7480 Vildbjerg,Vildbjerg,
767,Nørre Alle,S Felding Sogn,7280 Sønder Felding,Sdr. Felding,
5724,Nørre Alle,Herning Sogn,7400 Herning,Herning,
770,Nørregade,S Felding Sogn,7280 Sønder Felding,Sdr. Felding,
771,Nørregade,Haderup Sogn,7540 Haderup,Haderup,
772,Nørregade,Vildbjerg Sogn,7480 Vildbjerg,Vildbjerg,
5735,Nørregade,Herning Sogn,7400 Herning,Herning,
5738,Nørregade Skole P Pl,,,,
776,Nørreholmvej,Hodsager Sogn,7490 Aulum,Hodsager,Hodsager
5730,Nørre Lindbjerg,Gjellerup Sogn,7400 Herning,Hammerum,Gjellerup
5825,Nørremarkvej,Sunds Sogn,7451 Sunds,Sunds,
5850,Nørreskovvej,Ilskov Sogn,7451 Sunds,Ilskov,Ilskov
5855,Nørretanderupvej,Snejbjerg Sogn,7400 Herning,Snejbjerg,Snejbjerg
5865,Nørretoften,Rind Sogn,7400 Herning,Lind,Lind
5868,Nørretorp,Gjellerup Sogn,7400 Herning,Hammerum,Gjellerup
5869,Nørretorpstien,,,,
5870,Nørrevang,Sunds Sogn,7451 Sunds,Sunds,
777,Nørrevænget,Vildbjerg Sogn,7480 Vildbjerg,Vildbjerg,
5875,Nørreåvej,Sunds Sogn,7451 Sunds,Sunds,Linå
778,Nørskovvej,Aulum Sogn,7490 Aulum,Aulum,
780,Nøvlingholmvej,Nøvling Sogn,7480 Vildbjerg,Skibbild/Nøvling,
782,Nøvlingskovvej,Nøvling Sogn,7480 Vildbjerg,Skibbild/Nøvling,
5880,Nøvlingvej,Ørre-Sinding Sogn,7400 Herning,Sinding,Sinding
783,Nålemagervej,Aulum Sogn,7490 Aulum,Aulum,
5888,Odensevej,Herning Sogn,7400 Herning,Herning,
5900,Odinsgade,Skt Johannes Sogn,7400 Herning,Herning,
786,Odinsgaardsvej,Ilderhede Sogn,7270 Stakroge,Sdr. Felding,
789,Odinsvej,Nøvling Sogn,7480 Vildbjerg,Skibbild/Nøvling,Skibbild
5911,Offenbachsvej,Hedeager Sogn,7400 Herning,Herning,
5922,Okkelsvej,Kollund Sogn,7400 Herning,Lind,Kollund
5935,Ole Rømers Vej,Herning Sogn,7400 Herning,Herning,
793,Ollinghedevej,Assing Sogn,6933 Kibæk,Kibæk,
795,Ollingvej,Assing Sogn,6933 Kibæk,Kibæk,
5947,Olufsgade,Fredens Sogn,7400 Herning,Herning,
5948,Olufsvænget,Fredens Sogn,7400 Herning,Herning,
796,Ommosevej,Hodsager Sogn,7490 Aulum,Hodsager,Hodsager
5958,Orebygårdvej,Tjørring Sogn,7400 Herning,Tjørring,Tjørring
801,Overbyvej,S Felding Sogn,7280 Sønder Felding,Sdr. Felding,
5990,Overgade,Herning Sogn,7400 Herning,Herning,
803,Overgårdvej,Ørnhøj Sogn,6973 Ørnhøj,Ørnhøj,
802,Overgaardvej,Aulum Sogn,7490 Aulum,Aulum,
797,Over Høstrupvej,Haderup Sogn,7540 Haderup,Haderup,
798,Over Silstrupvej,Skarrild Sogn,6933 Kibæk,Skarrild,Skarrild
804,Overtarpvej,S Felding Sogn,7280 Sønder Felding,Sdr. Felding,
1521,Over Åen,,,,
5994,Paghs Alle,Skt Johannes Sogn,7400 Herning,Herning,
6005,Palle Fløes Vej,Gjellerup Sogn,7400 Herning,Hammerum,Hammerum
6007,Palle Fløes Vejs P P,,,,
6017,Palleshøj,Rind Sogn,7400 Herning,Lind,Lind
812,Park Alle,Vildbjerg Sogn,7480 Vildbjerg,Vildbjerg,
813,Parkvej,Aulum Sogn,7490 Aulum,Aulum,
6029,Parkvej,Fredens Sogn,7400 Herning,Herning,
6060,Pedersgårdvej,Tjørring Sogn,7400 Herning,Tjørring,Tjørring
814,Peder Strikkers Gård,Assing Sogn,6933 Kibæk,Kibæk,
1565,Perikonvej,,,,
1549,Pilebakken,Tjørring Sogn,7400 Herning,Tjørring,Tjørring
6080,Pilevej,Sunds Sogn,7451 Sunds,Sunds,
816,Pilhusevej,Grove Sogn,7540 Haderup,Haderup,Grove
817,Plantagevej,Assing Sogn,6933 Kibæk,Kibæk,
6099,Platanvej,Skt Johannes Sogn,7400 Herning,Herning,
819,Pogagervej,,,,
6111,Pontoppidansvej,Herning Sogn,7400 Herning,Herning,
1440,Poppelbakken,Tjørring Sogn,7400 Herning,Tjørring,Tjørring
820,Poppelvej,Ørnhøj Sogn,6973 Ørnhøj,Ørnhøj,
6123,Poppelvej,Skt Johannes Sogn,7400 Herning,Herning,
6146,Porsvænget,Hedeager Sogn,7400 Herning,Herning,
824,Postgården,S Felding Sogn,7280 Sønder Felding,Sdr. Felding,
6158,Postkrogen,Arnborg Sogn,7400 Herning,Arnborg,Arnborg
6167,Poulsens Plads,,,,
6169,Poulsgade,Fredens Sogn,7400 Herning,Herning,
826,Præstebakken,S Felding Sogn,7280 Sønder Felding,Sdr. Felding,
827,Præstebakken,Vildbjerg Sogn,7480 Vildbjerg,Vildbjerg,
829,Præstegårdsvej,Timring Sogn,7480 Vildbjerg,Timring,Timring
6205,Præstegårdvej,Sunds Sogn,7451 Sunds,Sunds,
6206,Præstegårdvejs P Pl,,,,
6207,Præstegårdvænget,Sunds Sogn,7451 Sunds,Sunds,
6210,Præstehaven,Gjellerup Sogn,7400 Herning,Hammerum,Gjellerup
6216,Præstelunden,Arnborg Sogn,7400 Herning,Arnborg,Arnborg
1455,Præsteskoven,S Felding Sogn,7280 Sønder Felding,Sdr. Felding,
831,Præstevejen,,,,Vind
834,Præstevænget,Vildbjerg Sogn,7480 Vildbjerg,Vildbjerg,
835,Præstevænget,S Felding Sogn,7280 Sønder Felding,Sdr. Felding,
6228,Præstevænget,Kølkær Sogn,7400 Herning,Kølkær,Kølkær
1421,Præstevængetstien,,,,
6240,Præstøvej,Fredens Sogn,7400 Herning,Herning,
837,Pugdalvej,Vildbjerg Sogn,7480 Vildbjerg,Vildbjerg,
838,Pugdalvænget,Vildbjerg Sogn,7480 Vildbjerg,Vildbjerg,
808,Paarupvej,Assing Sogn,6933 Kibæk,Kibæk,Troldhede
1482,Racefjerkræhaven,Skt Johannes Sogn,7400 Herning,Herning,
839,Ramskovvej,Vinding Sogn,7550 Sørvad,Vinding,
6263,Ranunkelvej,Herning Sogn,7400 Herning,Herning,
840,Raunsbjergvej,Ørnhøj Sogn,6973 Ørnhøj,Ørnhøj,
6275,Ravelsvej,Hedeager Sogn,7400 Herning,Herning,
841,Ravnevej,Haderup Sogn,7540 Haderup,Haderup,
842,Ravnmosevej,Aulum Sogn,7490 Aulum,Aulum,
6278,Ravnsbjerg Hegn,Gjellerup Sogn,7400 Herning,Hammerum,Gjellerup
6279,Ravnsbjerg Krat,Gjellerup Sogn,7400 Herning,Hammerum,Gjellerup
6280,Ravnsbjerg Mark,Gjellerup Sogn,7400 Herning,Hammerum,Gjellerup
6281,Ravnsbjerg Skov,Gjellerup Sogn,7400 Herning,Hammerum,Gjellerup
6284,Ravnsbjergstien,,,,
6282,Ravnsbjerg Toft,Gjellerup Sogn,7400 Herning,Hammerum,Gjellerup
6283,Ravnsbjergvej,Gjellerup Sogn,7400 Herning,Hammerum,Gjellerup
6287,Ravnsborggade,Fredens Sogn,7400 Herning,Herning,
6305,Remmevej,,7400 Herning,,
6312,Resenborgvej,Kølkær Sogn,7400 Herning,Kølkær,Kølkær
6315,Revlingens Kvarter,Gullestrup Sogn,7400 Herning,Gullestrup,Hedebyen
843,Ribesvej,Vinding Sogn,7550 Sørvad,Vinding,
6334,Ribeåvej,Hedeager Sogn,7400 Herning,Herning,
6345,Ribisvej,Skt Johannes Sogn,7400 Herning,Herning,
845,Rich.R. Nielsens Vej,S Felding Sogn,7280 Sønder Felding,Sdr. Felding,
847,Riisvej,Timring Sogn,7480 Vildbjerg,Timring,
6355,Rimmerhusvej,Haunstrup Sogn,7400 Herning,Snejbjerg,Haunstrup
6377,Rind Kirke P Plads,,,,
6375,Rind Kirkevej,Rind Sogn,7400 Herning,Lind,Lind
6380,Rind Plantagevej,Rind Sogn,7400 Herning,Lind,Lind
1495,Rind Å Engen,Arnborg Sogn,7400 Herning,Arnborg,Arnborg
6392,Ringkøbingvej,,7400 Herning,,Langvadbjerg
6404,Ringstedvej,Fredens Sogn,7400 Herning,Herning,
6412,Ringstrupvej,Gjellerup Sogn,7400 Herning,Hammerum,Hammerum
6418,Riskærvej,,7451 Sunds,,
848,Roarsvej,Nøvling Sogn,7480 Vildbjerg,Skibbild/Nøvling,Skibbild
6420,Roarsvej,Skt Johannes Sogn,7400 Herning,Herning,
849,Rolighedsvej,Aulum Sogn,7490 Aulum,Aulum,
6428,Rolighedsvej,Herning Sogn,7400 Herning,Herning,
6454,Romvigvej,,,,Sinding
854,Ronnumvej,Karstoft Sogn,6933 Kibæk,Skarrild,Karstoft
1476,Rosenhaven,Hedeager Sogn,7400 Herning,Herning,
6470,Rosenholmvej,Tjørring Sogn,7400 Herning,Tjørring,Tjørring
1461,Rosenstien,Skt Johannes Sogn,7400 Herning,Herning,
857,Rosenvænget,Aulum Sogn,7490 Aulum,Aulum,
6474,Rosenvænget,Herning Sogn,7400 Herning,Herning,
6510,Roskildevej,Fredens Sogn,7400 Herning,Herning,
6515,Rosmosevej,Ørre-Sinding Sogn,7400 Herning,Sinding,Sinding
6521,Rossinisvej,Hedeager Sogn,7400 Herning,Herning,
859,Rotvigvej,Aulum Sogn,7490 Aulum,Aulum,Hodsager
860,Rugbjergstien,,,,
861,Rugbjergvej,Aulum Sogn,7490 Aulum,Aulum,
6533,Rughaven,Snejbjerg Sogn,7400 Herning,Snejbjerg,Snejbjerg
6540,Rugmarken,Gjellerup Sogn,7400 Herning,Hammerum,Hammerum
862,Rugvænget,Aulum Sogn,7490 Aulum,Aulum,
863,Rugvænget,S Felding Sogn,7280 Sønder Felding,Sdr. Felding,
865,Rugvænget,Vildbjerg Sogn,7480 Vildbjerg,Vildbjerg,
6545,Rugvænget,Herning Sogn,7400 Herning,Herning,
6555,Ruskærvej,Ilskov Sogn,7451 Sunds,Ilskov,Ilskov
6560,Rylevej,Gjellerup Sogn,7400 Herning,Hammerum,Hammerum
866,Rypevej,Vildbjerg Sogn,7480 Vildbjerg,Vildbjerg,
869,Rævehøjvej,Assing Sogn,6933 Kibæk,Kibæk,Troldhede
6568,Rødbyvej,Herning Sogn,7400 Herning,Herning,
872,Røddinglundvej,Vildbjerg Sogn,7480 Vildbjerg,Vildbjerg,
873,Røddingvej,,7480 Vildbjerg,,
1444,Rødding Å Stien,,,,
6575,Rødkløvervej,Kølkær Sogn,7400 Herning,Kølkær,Kølkær
6580,Rødtjørnvej,Skt Johannes Sogn,7400 Herning,Herning,
6598,Røjenvej,,7451 Sunds,,
948,Røjkærvej,Vind Sogn,7500 Holstebro,Vind,Vind
1575,Røllikevej,,,,
6603,Rømøvej,Skt Johannes Sogn,7400 Herning,Herning,
876,Rønne Alle,Assing Sogn,6933 Kibæk,Kibæk,
6627,Rønne Alle,Sunds Sogn,7451 Sunds,Sunds,
1519,Rønnebakken,Tjørring Sogn,7400 Herning,Tjørring,Tjørring
6639,Rønnebærvej,Skt Johannes Sogn,7400 Herning,Herning,
6650,Rønnevej,Herning Sogn,7400 Herning,Herning,
6655,Rørbækvej,Studsgård Sogn,7400 Herning,Studsgård,Studsgård
1505,Rørkærparken,Aulum Sogn,7490 Aulum,Aulum,
881,Rørkærvej,Aulum Sogn,7490 Aulum,Aulum,
882,Rørparken,Aulum Sogn,7490 Aulum,Aulum,
883,Rørsangervej,Timring Sogn,7480 Vildbjerg,Timring,Timring
884,Råhedevej,Ørnhøj Sogn,6973 Ørnhøj,Ørnhøj,Abildå
885,Råstedvej,Vind Sogn,7500 Holstebro,Vind,Vind
6662,Sabroesvej,Herning Sogn,7400 Herning,Herning,
6673,Sahlholdtvej,,7400 Herning,,Gullestrup
6686,Sakskøbingvej,Herning Sogn,7400 Herning,Herning,
6692,Sammelstedvej,Ørre-Sinding Sogn,7400 Herning,Sinding,Ørre
6697,Samsøvej,Skt Johannes Sogn,7400 Herning,Herning,
6709,Sandagervej,Skt Johannes Sogn,7400 Herning,Herning,
1485,Sandalmagerens Gade,,,,
6720,Sandbækvej,Studsgård Sogn,7400 Herning,Studsgård,Tanderupkær
889,Sandetvej,,,Sdr. Felding,Sandet
894,Sandfeld Alle,Assing Sogn,6933 Kibæk,Kibæk,
895,Sandfeldparken,Assing Sogn,6933 Kibæk,Kibæk,
896,Sandfærvej,Vind Sogn,7500 Holstebro,Vind,Vind
897,Sandgårdvej,Grove Sogn,7540 Haderup,Haderup,Grove
6735,Sandgaardsvej,Gjellerup Sogn,7400 Herning,Hammerum,Birk
6744,Sandvigvej,Herning Sogn,7400 Herning,Herning,
6756,Schubertsvej,Hedeager Sogn,7400 Herning,Herning,
6768,Schumannsvej,Hedeager Sogn,7400 Herning,Herning,
6776,Schæferivej,Ørre-Sinding Sogn,7400 Herning,Sinding,Sinding
1138,Sdr. Feldingvej,,,,Troldhede
8140,Sdr. Greenvej,Arnborg Sogn,7400 Herning,Arnborg,Arnborg
899,Sdr. Grenevej,Skarrild Sogn,6933 Kibæk,Skarrild,Skarrild
900,Sdr. Hveddevej,Assing Sogn,6933 Kibæk,Kibæk,
902,Sdr. Ommevej,,6933 Kibæk,Skarrild,
6790,Sebbesandevej,,7400 Herning,,
6810,Sejlsigvej,,7400 Herning,Sinding,Ørre
6826,Sibeliusvej,Rind Sogn,7400 Herning,Lind,Lind
1516,Siggaardsvænget,Snejbjerg Sogn,7400 Herning,Snejbjerg,Snejbjerg
6850,Sigkvarteret,Snejbjerg Sogn,7400 Herning,Snejbjerg,Snejbjerg
906,Sigvej,Vinding Sogn,7550 Sørvad,Vinding,
6855,Sikjærvej,Tjørring Sogn,7400 Herning,Tjørring,Tjørring
6897,Silkeborgvej,,7400 Herning,,Birk
908,Silstrupvej,Skarrild Sogn,6933 Kibæk,Skarrild,Skarrild
6915,Simmelkær Hovedgade,Simmelkær Sogn,7451 Sunds,Simmelkær,Simmelkær
6918,Simmelkær Torvs P Pl,,,,
6922,Simmelkærvej,Ilskov Sogn,7451 Sunds,Ilskov,Ilskov
6946,Sindinggårdvej,,7400 Herning,Sinding,Sinding
6950,Sinding Hovedgade,Ørre-Sinding Sogn,7400 Herning,Sinding,Sinding
6951,Sinding Kirkevej,Ørre-Sinding Sogn,7400 Herning,Sinding,
910,Sindingvej,Vildbjerg Sogn,7480 Vildbjerg,Vildbjerg,
6953,Siøvej,Fredens Sogn,7400 Herning,Herning,
911,Sjællandsgade,Aulum Sogn,7490 Aulum,Aulum,
6955,Sjællandsgade,,7400 Herning,Herning,
6967,Skalmejeskolestien,,,,
6968,Skalmejestien,,,,
6970,Skalmejevej,Sunds Sogn,7451 Sunds,Sunds,
913,Skarrild Overbyvej,,6933 Kibæk,,Skarrild
1545,Skautrupvej,,,,
918,Skavevej,Hodsager Sogn,7490 Aulum,Hodsager,Hodsager
6980,Skellundvej,Gjellerup Sogn,7400 Herning,Hammerum,Hammerum
6992,Skibbildparken,Nøvling Sogn,7480 Vildbjerg,Skibbild/Nøvling,Skibbild
6998,Skibbildvej,Haunstrup Sogn,7400 Herning,Snejbjerg,Haunstrup
7000,Skibbildvænget,Haunstrup Sogn,7400 Herning,Snejbjerg,Haunstrup
7004,Skinderholmvej,,,,Nybo
7014,Skivevej,,7451 Sunds,,Simmelkær
931,Skjerkvej,Aulum Sogn,7490 Aulum,Aulum,
934,Skjernvej,,,,Skarrild
935,Skjernvej,,,,
7026,Skjernvej,Arnborg Sogn,7400 Herning,Arnborg,Arnborg
1453,Skjoldpladsen,,,,
936,Skjoldsvej,Nøvling Sogn,7480 Vildbjerg,Skibbild/Nøvling,Skibbild
7040,Skolebakken,Gjellerup Sogn,7400 Herning,Hammerum,Gjellerup
941,Skolegade,Aulum Sogn,7490 Aulum,Aulum,
942,Skolegade,S Felding Sogn,7280 Sønder Felding,Sdr. Felding,
944,Skolegade,Vinding Sogn,7550 Sørvad,Vinding,
7049,Skolegade,Herning Sogn,7400 Herning,Herning,
1408,Skolegade P Plads,,,,
7051,Skolegades P Plads,,,,
1498,Skoleparken,Vildbjerg Sogn,7480 Vildbjerg,Vildbjerg,
947,Skolestien,Feldborg Sogn,7540 Haderup,Feldborg,Feldborg
7088,Skolesvinget,Snejbjerg Sogn,7400 Herning,Snejbjerg,Snejbjerg
7089,Skolesvingets P Pl,,,,
7090,Skoletoften,Ørre-Sinding Sogn,7400 Herning,Sinding,Sinding
949,Skolevejen,Skarrild Sogn,6933 Kibæk,Skarrild,Skarrild
951,Skolevænget,Haderup Sogn,7540 Haderup,Haderup,
953,Skolevænget,Vildbjerg Sogn,7480 Vildbjerg,Vildbjerg,
7108,Skolevænget,Rind Sogn,7400 Herning,Lind,Lind
7110,Skolevængets P Plads,,,,
7115,Skomagerbakken,,7400 Herning,,
7117,Skovbakken,Gullestrup Sogn,7400 Herning,Gullestrup,Gullestrup
7119,Skovbjerg Alle,Arnborg Sogn,7400 Herning,Arnborg,Arnborg
7121,Skovbjergengen,Arnborg Sogn,7400 Herning,Arnborg,Arnborg
959,Skovbjergvej,,,,
7122,Skovbjergvej,Arnborg Sogn,7400 Herning,Arnborg,Arnborg
1405,Skovbjergvej P Plads,,,,
7123,Skovbjergvænget,Arnborg Sogn,7400 Herning,Arnborg,Arnborg
962,Skovbrynet,S Felding Sogn,7280 Sønder Felding,Sdr. Felding,
963,Skovbrynet,Ørnhøj Sogn,6973 Ørnhøj,Ørnhøj,
7125,Skovbrynet,Arnborg Sogn,7400 Herning,Arnborg,Arnborg
7133,Skovbyvej,Gjellerup Sogn,7400 Herning,Hammerum,Hammerum
964,Skovfogedvej,Grove Sogn,7470 Karup J,Haderup,
7140,Skovkrogen,Arnborg Sogn,7400 Herning,Arnborg,Arnborg
967,Skovsborgvej,,6933 Kibæk,,Skarrild
7145,Skovtoften,Arnborg Sogn,7400 Herning,Arnborg,Arnborg
968,Skovvej,Feldborg Sogn,7540 Haderup,Feldborg,Feldborg
970,Skovvej,Vinding Sogn,7550 Sørvad,Vinding,
972,Skovvejen,,,,Troldhede
7154,Skovvængestien,,,,
976,Skovvænget,Skarrild Sogn,6933 Kibæk,Skarrild,Skarrild
978,Skovvænget,Haderup Sogn,7540 Haderup,Haderup,
7155,Skovvænget,Skt Johannes Sogn,7400 Herning,Herning,
7168,Skrevej,Ørre-Sinding Sogn,7400 Herning,Sinding,Sinding
979,Skrænten,Timring Sogn,7480 Vildbjerg,Timring,Timring
980,Skråningen,Nøvling Sogn,7480 Vildbjerg,Skibbild/Nøvling,
982,Skråstrupvej,Ørnhøj Sogn,6973 Ørnhøj,Ørnhøj,
983,Skyttevej,Aulum Sogn,7490 Aulum,Aulum,
986,Skærbækvej,Aulum Sogn,7490 Aulum,Aulum,
7195,Skærbækvej,Rind Sogn,7400 Herning,Lind,
7210,Skærgårdvej,,7400 Herning,Lind,Skærbæk
7255,Skåphusvej,,7451 Sunds,Ilskov,Ilskov
7272,Slagelsegade,Fredens Sogn,7400 Herning,Herning,
1385,Sleipners Plads,,,,
7283,Slumstrupvej,Kollund Sogn,7400 Herning,Lind,Skærbæk
7260,Slåenvej,Skt Johannes Sogn,7400 Herning,Herning,
7296,Smallegade,Herning Sogn,7400 Herning,Herning,
987,Smedegade,Aulum Sogn,7490 Aulum,Aulum,
7307,Smedegade,Herning Sogn,7400 Herning,Herning,
7309,Smedegades P Plads,,,,
7335,Smedegårdvej,Snejbjerg Sogn,7400 Herning,Snejbjerg,Snejbjerg
988,Smedevej,Vildbjerg Sogn,7480 Vildbjerg,Vildbjerg,
990,Smækbjergvej,Timring Sogn,7480 Vildbjerg,Timring,
1526,Smørblomstens Kvar.,Gullestrup Sogn,7400 Herning,Gullestrup,
7383,Snejbjerg Hovedgade,Snejbjerg Sogn,7400 Herning,Snejbjerg,Snejbjerg
7384,Snejbjergskolestien,Snejbjerg Sogn,7400 Herning,Snejbjerg,Snejbjerg
7385,Snejbjergvej,,7400 Herning,,
991,Sneppevej,Vildbjerg Sogn,7480 Vildbjerg,Vildbjerg,
993,Sneppevej,Assing Sogn,6933 Kibæk,Kibæk,
7389,Sneppevej,Hedeager Sogn,7400 Herning,Herning,
7415,Snerlens Kvarter,Gullestrup Sogn,7400 Herning,Gullestrup,Engbyen
7420,Snerlundvej,,7400 Herning,Snejbjerg,Snejbjerg
7435,Sofiedalvej,,,,Sinding
7438,Sofievej,Snejbjerg Sogn,7400 Herning,Snejbjerg,Snejbjerg
995,Sognstrupvej,Vind Sogn,7500 Holstebro,Vind,Nr Felding
998,Solbakken,Assing Sogn,6933 Kibæk,Kibæk,
7440,Solbakken,Gjellerup Sogn,7400 Herning,Hammerum,Gjellerup
999,Solbakkevej,Vildbjerg Sogn,7480 Vildbjerg,Vildbjerg,
7444,Solbjerg,Snejbjerg Sogn,7400 Herning,Snejbjerg,Snejbjerg
1001,Solbrinken,Vildbjerg Sogn,7480 Vildbjerg,Vildbjerg,
1002,Soldalen,Vildbjerg Sogn,7480 Vildbjerg,Vildbjerg,
7446,Soldugvej,Rind Sogn,7400 Herning,Lind,Høgild
1004,Solhjemvej,,7280 Sønder Felding,Sdr. Felding,
1005,Solhøj,Vildbjerg Sogn,7480 Vildbjerg,Vildbjerg,
7448,Solitudevej,Kølkær Sogn,7400 Herning,Kølkær,Kølkær
1007,Solkrogen,Assing Sogn,6933 Kibæk,Kibæk,
1009,Solsikkevej,S Felding Sogn,7280 Sønder Felding,Sdr. Felding,
1010,Solsikkevej,Vildbjerg Sogn,7480 Vildbjerg,Vildbjerg,
7455,Solskovvej,,7400 Herning,Snejbjerg,Albæk
1011,Solskrænten,Haderup Sogn,7540 Haderup,Haderup,
1468,Solsortereden,Hedeager Sogn,7400 Herning,Herning,
1013,Solsortevej,Timring Sogn,7480 Vildbjerg,Timring,Timring
7460,Solsortevej,Fasterholt Sogn,7330 Brande,Arnborg,Fasterholt
1394,Solvang,Ørnhøj Sogn,6973 Ørnhøj,Ørnhøj,
1014,Solvænget,Vildbjerg Sogn,7480 Vildbjerg,Vildbjerg,
7483,Solvænget,Skt Johannes Sogn,7400 Herning,Herning,
7500,Sortbærvej,Kølkær Sogn,7400 Herning,Kølkær,Kølkær
7507,Sorøvej,Fredens Sogn,7400 Herning,Herning,
1016,Spegbjergvej,Aulum Sogn,7490 Aulum,Aulum,
7509,Spinkebjerg,Gjellerup Sogn,7400 Herning,Hammerum,Gjellerup
1530,Spinkebjergparken,Gjellerup Sogn,7400 Herning,Hammerum,Gjellerup
7508,Spinkebjergstien,,,,
1017,Sports Alle,Vildbjerg Sogn,7480 Vildbjerg,Vildbjerg,
7510,Sportsvej,Arnborg Sogn,7400 Herning,Arnborg,Arnborg
7518,Sprogøvej,Fredens Sogn,7400 Herning,Herning,
1473,Spurvereden,,,,
7525,Spurvevej,Gjellerup Sogn,7400 Herning,Hammerum,Hammerum
7529,Spøttrupstien,,,,
7530,Spøttrupvej,Tjørring Sogn,7400 Herning,Tjørring,Tjørring
1019,Spåbækvej,Ørnhøj Sogn,6973 Ørnhøj,Ørnhøj,
1021,Stadion Alle,Ilderhede Sogn,7270 Stakroge,Sdr. Felding,
1023,Stadionvej,Vildbjerg Sogn,7480 Vildbjerg,Vildbjerg,
7600,Stalmosevej,,7451 Sunds,,Simmelkær
1027,Stationsvej,Ilderhede Sogn,7270 Stakroge,Sdr. Felding,
1029,Stationsvej,Vinding Sogn,7550 Sørvad,Vinding,
7624,Stationsvej,Sunds Sogn,7451 Sunds,Sunds,
1031,Stavlundvej,,7540 Haderup,Haderup,
7542,St. Blichers Gade,Herning Sogn,7400 Herning,Herning,
7545,St. Blichersvænget,Fredens Sogn,7400 Herning,Herning,
1578,Steensgård Kvarteret,,,,
7626,Stenbjergkvarteret,Snejbjerg Sogn,7400 Herning,Snejbjerg,Snejbjerg
1378,Stenbjergparken,Snejbjerg Sogn,7400 Herning,Snejbjerg,Snejbjerg
7636,Stenhøjen,Tjørring Sogn,7400 Herning,Tjørring,Tjørring
7659,Stensbjergvej,Rind Sogn,7400 Herning,Lind,Lind
1034,Stentoftvej,Vildbjerg Sogn,7480 Vildbjerg,Vildbjerg,
7671,Stenvænget,Tjørring Sogn,7400 Herning,Tjørring,Tjørring
7554,St. Lundgård Vej,Tjørring Sogn,7400 Herning,Tjørring,Tjørring
7685,Stokkildhovedvej,Kollund Sogn,7400 Herning,Lind,Kollund
7706,Storgårdvej,Skt Johannes Sogn,7400 Herning,Herning,
7710,Stormgade,Kølkær Sogn,7400 Herning,Kølkær,Kølkær
7712,Stormosevej,Studsgård Sogn,7400 Herning,Studsgård,Studsgård
7718,Storåvej,Hedeager Sogn,7400 Herning,Herning,
1397,Stoubæk Parken,Hodsager Sogn,7490 Aulum,Hodsager,Hodsager
1036,Stougaardsvej,Assing Sogn,6933 Kibæk,Kibæk,
1037,Stradevej,Vinding Sogn,7550 Sørvad,Vinding,
7725,Strandkrogen,Sunds Sogn,7451 Sunds,Sunds,
7730,Strandvejen,Sunds Sogn,7451 Sunds,Sunds,
7741,Straussvej,Hedeager Sogn,7400 Herning,Herning,
7753,Strynøvej,Gjellerup Sogn,7400 Herning,Hammerum,Hammerum
1038,Strøget,S Felding Sogn,7280 Sønder Felding,Sdr. Felding,
1403,Strøget P Plads,,,,
7754,Studsgård Kirke P Pl,,,,
7755,Studsgård Skole P Pl,,,,
7757,Studsgårdstien,,,,
7776,Studsgårdvej,Snejbjerg Sogn,7400 Herning,Snejbjerg,
7780,Sunds Hovedgade,Sunds Sogn,7451 Sunds,Sunds,
7781,Sunds Hovedgades P P,,,,
7782,Sunds Kirke P Plads,,,,
7783,Sunds Kirkesti,,,,
1398,Sunds Omfartsvej,Sunds Sogn,7451 Sunds,Sunds,
7788,Sunds Sø,,,,
7790,Sunds Torve P Plads,,,,
7792,Sundsvej,,,,Nybo
7800,Susåvej,Hedeager Sogn,7400 Herning,Herning,
1471,Svalereden,Hedeager Sogn,7400 Herning,Herning,
7812,Svanekevej,Herning Sogn,7400 Herning,Herning,
7823,Svanevej,Hedeager Sogn,7400 Herning,Herning,
7840,Svendlundvej,Rind Sogn,7400 Herning,Lind,Lind
1041,Svenstrupvej,Vinding Sogn,7550 Sørvad,Vinding,
1042,Sverigesvej,Vildbjerg Sogn,7480 Vildbjerg,Vildbjerg,
7859,Sverigesvej,Skt Johannes Sogn,7400 Herning,Herning,
7870,Svinget,Rind Sogn,7400 Herning,Lind,Lind
7882,Sydgaden,Snejbjerg Sogn,7400 Herning,Snejbjerg,Snejbjerg
7894,Syrenparken,Snejbjerg Sogn,7400 Herning,Snejbjerg,Snejbjerg
1045,Syrenstien,Assing Sogn,6933 Kibæk,Kibæk,
1046,Syrenvej,Aulum Sogn,7490 Aulum,Aulum,
1047,Syrenvej,Vinding Sogn,7550 Sørvad,Vinding,
7906,Syrenvej,Skt Johannes Sogn,7400 Herning,Herning,
9962,Særlig Adressebeskyt,Ukendt (Sogn),9999 Ukendt,Ukendt (Valg),
1514,Søbakken,Sunds Sogn,7451 Sunds,Sunds,
8046,Søbylundvej,Kølkær Sogn,7400 Herning,Kølkær,
8048,Søby Sø,,,,
8055,Søbysøvej,Kølkær Sogn,7400 Herning,Kølkær,Kølkær
8056,Søengen,Sunds Sogn,7451 Sunds,Sunds,
8057,Søglimtstien,,,,
8060,Søgårdvej,Sunds Sogn,7451 Sunds,Sunds,
1525,Søhaven,Sunds Sogn,7451 Sunds,Sunds,
1512,Sølunden,Sunds Sogn,7451 Sunds,Sunds,
8070,Sølvgade,Herning Sogn,7400 Herning,Herning,
8080,Sølyst Alle,Sunds Sogn,7451 Sunds,Sunds,
1544,Sønderager Engpark,Hedeager Sogn,7400 Herning,Herning,Holing
8092,Sønderagerstien,Hedeager Sogn,7400 Herning,Herning,
1050,Sønderagervej,,,,
8093,Sønderagervej,Hedeager Sogn,7400 Herning,Herning,
8105,Sønder Alle,Snejbjerg Sogn,7400 Herning,Snejbjerg,Snejbjerg
8110,Sønderbakken,Gjellerup Sogn,7400 Herning,Hammerum,Gjellerup
8114,Sønderbjergvej,Gjellerup Sogn,7400 Herning,Hammerum,
1051,Sønderbro,Assing Sogn,6933 Kibæk,Kibæk,
1053,Sønderbyvej,Ilderhede Sogn,7270 Stakroge,Sdr. Felding,
1054,Sønderengen,Ørnhøj Sogn,6973 Ørnhøj,Ørnhøj,
1061,Søndergade,S Felding Sogn,7280 Sønder Felding,Sdr. Felding,
1063,Søndergade,Aulum Sogn,7490 Aulum,Aulum,
1066,Søndergade,Vildbjerg Sogn,7480 Vildbjerg,Vildbjerg,
8117,Søndergade,Herning Sogn,7400 Herning,Herning,
8175,Søndergårdvej,Gjellerup Sogn,7400 Herning,Hammerum,Hammerum
1058,Søndergaardparken,Skarrild Sogn,6933 Kibæk,Skarrild,Skarrild
1059,Søndergaardsvej,Skarrild Sogn,6933 Kibæk,Skarrild,Skarrild
8186,Sønderkær,Gjellerup Sogn,7400 Herning,Hammerum,Gjellerup
8188,Sønderkærstien,,,,
1072,Sønderkærvej,Assing Sogn,6933 Kibæk,Kibæk,
8107,Sønder Lindbjerg,Gjellerup Sogn,7400 Herning,Hammerum,Gjellerup
8108,Sønder Lindbjerg St,,,,
1073,Søndermarken,Aulum Sogn,7490 Aulum,Aulum,
8195,Søndermarken,Gjellerup Sogn,7400 Herning,Hammerum,Hammerum
1074,Søndermarkstien,,,,
1075,Søndermarksvej,Ørnhøj Sogn,6973 Ørnhøj,Ørnhøj,
1492,Sønder Næstholtvej,Snejbjerg Sogn,7400 Herning,Snejbjerg,Gødstrup
1077,Sønderparken,Ørnhøj Sogn,6973 Ørnhøj,Ørnhøj,
1048,Sønder Savstrupvej,Hodsager Sogn,7500 Holstebro,Hodsager,Skave
1049,Sønder Skjerkvej,Aulum Sogn,7490 Aulum,Aulum,
8198,Sønderskovvej,Ilskov Sogn,7451 Sunds,Ilskov,Ilskov
1078,Søndertoften,Ørnhøj Sogn,6973 Ørnhøj,Ørnhøj,
8211,Søndertoften,Rind Sogn,7400 Herning,Lind,Lind
8215,Søndertorp,Gjellerup Sogn,7400 Herning,Hammerum,Gjellerup
1080,Søndervang,Ørnhøj Sogn,6973 Ørnhøj,Ørnhøj,
8223,Søparken,Sunds Sogn,7451 Sunds,Sunds,
1553,Søster Anes Gade,Herning Sogn,7400 Herning,Herning,
1554,Søster Fannys Gade,Herning Sogn,7400 Herning,Herning,
8225,Søstien,Sunds Sogn,7451 Sunds,Sunds,
8227,Søstien Vest,,,,
8229,Søstien Øst,,,,
8235,Søtoften,Sunds Sogn,7451 Sunds,Sunds,
8250,Søvndalvej,Ørre-Sinding Sogn,7400 Herning,Sinding,Sinding
8251,Søvænget,Sunds Sogn,7451 Sunds,Sunds,
8252,Taksvej,Skt Johannes Sogn,7400 Herning,Herning,
8255,Talundvej,,,,
8290,Tanderupkærvej,,7400 Herning,,
8291,Tanderup Mark,Snejbjerg Sogn,7400 Herning,Snejbjerg,Snejbjerg
8293,Tanderupvej,,7400 Herning,,
8295,Tanderupvejs P Pl,,,,
1376,Tangsøparken,Gjellerup Sogn,7400 Herning,Hammerum,Hammerum
1088,Tarpvej,S Felding Sogn,7280 Sønder Felding,Sdr. Felding,
1089,Taterbakkevej,Feldborg Sogn,7540 Haderup,,
1091,Tavlborgvej,Aulum Sogn,7490 Aulum,Aulum,
1522,Tavlund Allé,Rind Sogn,7400 Herning,Lind,Lind
1531,Tavlund Ege,Rind Sogn,7400 Herning,Lind,Lind
1543,Tavlund Krat,Rind Sogn,7400 Herning,Lind,Lind
1523,Tavlundparken,Rind Sogn,7400 Herning,Lind,Lind
8305,Tavlundvej,,7400 Herning,Lind,Lind
8308,Teglgårdstien,,,,
8310,Teglgårdvej,Sunds Sogn,7451 Sunds,Sunds,
1556,Teglhaven,,,,
8316,Teglvænget,Skt Johannes Sogn,7400 Herning,Herning,
1518,Teglværks Lunden,Skt Johannes Sogn,7400 Herning,Herning,
1093,Teglværksvej,Feldborg Sogn,7540 Haderup,Feldborg,Feldborg
8320,Ternevej,Skt Johannes Sogn,7400 Herning,Herning,
8333,Theresavej,Fredens Sogn,7400 Herning,Herning,
8328,Th. Nielsens Gade,,7400 Herning,Herning,
8351,Thorsgade,Skt Johannes Sogn,7400 Herning,Herning,
1094,Thorsvej,Nøvling Sogn,7480 Vildbjerg,Skibbild/Nøvling,Skibbild
8375,Thorupvej,Sunds Sogn,7451 Sunds,Sunds,
1096,Thoustrupvej,Vinding Sogn,7550 Sørvad,Vinding,
8398,Thrigesvej,Herning Sogn,7400 Herning,Herning,
8410,Thujavej,Skt Johannes Sogn,7400 Herning,Herning,
1097,Thusholtvej,Vinding Sogn,7550 Sørvad,Vinding,
8433,Thyrasvej,Fredens Sogn,7400 Herning,Herning,
8445,Tietgensgade,Herning Sogn,7400 Herning,Herning,
1098,Timlundvej,,,,
1115,Timringvej,,,,Abildå
8457,Tingvej,,7400 Herning,Herning,
1117,Tiphedevej,,7480 Vildbjerg,Timring,
8469,Tjaikofskisvej,Hedeager Sogn,7400 Herning,Herning,
8480,Tjelevej,Tjørring Sogn,7400 Herning,Tjørring,Tjørring
8482,Tjelevejstien,,,,
1576,Tjørnebakken,,,,
8485,Tjørnesletten,,,,
1118,Tjørnevej,Haderup Sogn,7540 Haderup,Haderup,
8492,Tjørnevej,Gjellerup Sogn,7400 Herning,Hammerum,Hammerum
8510,Tjørring Hovedgade,Tjørring Sogn,7400 Herning,Tjørring,Tjørring
8511,Tjørring Hovedg P Pl,,,,
8513,Tjørringparken,Tjørring Sogn,7400 Herning,Tjørring,Tjørring
1451,Tjørring Skolesti,,,,
1494,Tjørring Vænget,Tjørring Sogn,7400 Herning,Tjørring,Tjørring
8515,Toftager,Tjørring Sogn,7400 Herning,Tjørring,Tjørring
8520,Toftbjerg,Snejbjerg Sogn,7400 Herning,Snejbjerg,Snejbjerg
8539,Toftegårdvej,Gjellerup Sogn,7400 Herning,Hammerum,Hammerum
1119,Toften,Assing Sogn,6933 Kibæk,Kibæk,
8562,Toften,Gjellerup Sogn,7400 Herning,Hammerum,Hammerum
1121,Toftestien,,,,
1122,Toftevej,Aulum Sogn,7490 Aulum,Aulum,
1123,Toftvej,,,,
1124,Tohøje,Hodsager Sogn,7490 Aulum,Hodsager,Hodsager
8566,Toksvigvej,Arnborg Sogn,7400 Herning,Arnborg,Arnborg
8568,Tolstedhaven,Gjellerup Sogn,7400 Herning,Hammerum,Gjellerup
1379,Tolstedhøjen,Gjellerup Sogn,7400 Herning,Hammerum,Gjellerup
8570,Tolstedparken,Gjellerup Sogn,7400 Herning,Hammerum,Gjellerup
8571,Tolstedparkstien,,,,
8569,Tolstedstien,,,,
8572,Tolstedvej,Gjellerup Sogn,7400 Herning,Hammerum,
1125,Toppergårdvej,Hodsager Sogn,7490 Aulum,Hodsager,Hodsager
8573,Tornebuskvej,Gjellerup Sogn,7400 Herning,Hammerum,Hammerum
8578,Tornvigvej,,7400 Herning,Arnborg,Arnborg
1127,Torstedvej,Ørnhøj Sogn,6973 Ørnhøj,Ørnhøj,
1128,Torvegade,S Felding Sogn,7280 Sønder Felding,Sdr. Felding,
1402,Torvegade P Plads,,,,
8597,Torvet,Herning Sogn,7400 Herning,Herning,
8610,Tosmosevej,Ørre-Sinding Sogn,7400 Herning,Sinding,Ørre
8615,Tothøjvej,,7400 Herning,,
1532,Toudalvej,,,,
8633,Toustrupvej,Snejbjerg Sogn,7400 Herning,Snejbjerg,Snejbjerg
8650,Trafikskolevej,Gjellerup Sogn,7400 Herning,Hammerum,Hammerum
1129,Tranebærvej,Vind Sogn,7500 Holstebro,Vind,Vind
8654,Tranekærstien,,,,
8656,Tranekærvej,Tjørring Sogn,7400 Herning,Tjørring,Tjørring
1130,Tranevej,Vildbjerg Sogn,7480 Vildbjerg,Vildbjerg,
8660,Tranevej,Sunds Sogn,7451 Sunds,Sunds,
8662,Tranevejstien,,,,
1133,Tranholmvej,Vildbjerg Sogn,7480 Vildbjerg,Vildbjerg,
1448,Transportbuen,Gjellerup Sogn,7400 Herning,Hammerum,
1445,Transportcenter Alle,Gjellerup Sogn,7400 Herning,Hammerum,
8663,Transportcentervej,Gjellerup Sogn,7400 Herning,Hammerum,
8664,Trehuse,Rind Sogn,7400 Herning,Lind,Lind
8665,Trehøjevej,,,,
1135,Troelstrupvej,,7490 Aulum,,
8670,Troldbjergvej,Simmelkær Sogn,7451 Sunds,Simmelkær,Simmelkær
8672,Troldeparken,Sunds Sogn,7451 Sunds,Sunds,
1142,Troldtoftvej,,,,Vind
8680,Truelsensvej,Fredens Sogn,7400 Herning,Herning,
1143,Trækrisvej,,7500 Holstebro,Vind,Vind
8695,Trælundvej,,,,Gullestrup
8703,Trøstrupsgade,Herning Sogn,7400 Herning,Herning,
1145,Trøstrupvej,Timring Sogn,7480 Vildbjerg,Timring,
1504,Trøstrup Vænge,Herning Sogn,7400 Herning,Herning,
1463,Tulipanhaven,Gjellerup Sogn,7400 Herning,Hammerum,
1459,Tulipanstien,Skt Johannes Sogn,7400 Herning,Herning,
8422,Tunøvej,Skt Johannes Sogn,7400 Herning,Herning,
1146,Tusbækvej,Feldborg Sogn,7540 Haderup,Feldborg,Feldborg
1503,Tvedbækparken,Aulum Sogn,7490 Aulum,Aulum,
1148,Tvedvej,Aulum Sogn,7490 Aulum,Aulum,
1152,Tvevadvej,Nøvling Sogn,7480 Vildbjerg,Skibbild/Nøvling,
1153,Tvisvej,Aulum Sogn,7490 Aulum,Aulum,
8727,Tværgade,Gjellerup Sogn,7400 Herning,Hammerum,Hammerum
8736,Tværmosevej,Sunds Sogn,7451 Sunds,Sunds,
8740,Tværtoften,Rind Sogn,7400 Herning,Lind,Lind
1154,Tværvej,Vinding Sogn,7550 Sørvad,Vinding,
8745,Tværvænget,Gjellerup Sogn,7400 Herning,Hammerum,Hammerum
1157,Tyregårdvej,Vinding Sogn,7550 Sørvad,Vinding,
1158,Tyttebærvej,Vind Sogn,7500 Holstebro,Vind,Vind
1159,Tømmergade,Aulum Sogn,7490 Aulum,Aulum,
1160,Tømmergården,S Felding Sogn,7280 Sønder Felding,Sdr. Felding,
8755,Tømmerpladsen,Simmelkær Sogn,7451 Sunds,Simmelkær,Simmelkær
1430,Udgaardsvej,Nøvling Sogn,7480 Vildbjerg,Skibbild/Nøvling,Skibbild
1163,Udholmvej,Hodsager Sogn,7490 Aulum,Hodsager,Hodsager
9903,Udrejse Nordisk Land,Ukendt (Sogn),7400 Herning,Herning,Retur Til Afsender
1164,Udsigten,Vinding Sogn,7550 Sørvad,Vinding,
8763,Uldjydevej,Gjellerup Sogn,7400 Herning,Hammerum,Birk
1168,Ungdomsstien,Aulum Sogn,7490 Aulum,Aulum,
8785,Urnehøjen,Tjørring Sogn,7400 Herning,Tjørring,Tjørring
1171,Vads Dal,Ørnhøj Sogn,6973 Ørnhøj,Ørnhøj,
8820,Valdemarsvej,Fredens Sogn,7400 Herning,Herning,
8832,Valeursvej,Fredens Sogn,7400 Herning,Herning,
8844,Valløvej,Tjørring Sogn,7400 Herning,Tjørring,Tjørring
1460,Valmuestien,Skt Johannes Sogn,7400 Herning,Herning,
1174,Valmuevej,Aulum Sogn,7490 Aulum,Aulum,
1176,Vardevej,,,,
8856,Vardevej,,7400 Herning,,Nr Vejen
1415,Vardevej P Plads,,,,
1181,Varhedevej,Aulum Sogn,7490 Aulum,Aulum,
8860,Ved Banen,Fasterholt Sogn,7330 Brande,Arnborg,Fasterholt
1182,Ved Hegnet,Haderup Sogn,7540 Haderup,Haderup,
8879,Ved Volden,Fredens Sogn,7400 Herning,Herning,
1224,Vejelsigvej,Assing Sogn,6933 Kibæk,Kibæk,Troldhede
8891,Vejlevej,Rind Sogn,7400 Herning,Lind,
1227,Vejlgaardvej,Assing Sogn,6933 Kibæk,Kibæk,
1230,Velhustedparken,Assing Sogn,6933 Kibæk,Kibæk,
1237,Velhustedvej,Assing Sogn,6933 Kibæk,Kibæk,
1414,Velhustedvej P Plads,,,,
8903,Verdisvej,Hedeager Sogn,7400 Herning,Herning,
1239,Vestager,Aulum Sogn,7490 Aulum,Aulum,
8946,Vesteragerstien,,,,
8949,Vesteragervej,Hedeager Sogn,7400 Herning,Herning,
1244,Vester Alle,Assing Sogn,6933 Kibæk,Kibæk,
8926,Vester Alle,Gjellerup Sogn,7400 Herning,Hammerum,Hammerum
1246,Vesterbjergevej,S Felding Sogn,7280 Sønder Felding,Sdr. Felding,
1247,Vesterbysvej,S Felding Sogn,7280 Sønder Felding,Sdr. Felding,
8955,Vesterdams Alle,Rind Sogn,7400 Herning,Lind,Lind
1374,Vesterdamsvænget,Rind Sogn,7400 Herning,Lind,Lind
8961,Vesterdige,Rind Sogn,7400 Herning,Lind,Lind
1245,Vester Feldborgvej,Feldborg Sogn,7540 Haderup,Feldborg,Feldborg
1250,Vestergade,S Felding Sogn,7280 Sønder Felding,Sdr. Felding,
1252,Vestergade,Aulum Sogn,7490 Aulum,Aulum,
1254,Vestergade,Vildbjerg Sogn,7480 Vildbjerg,Vildbjerg,
8973,Vestergade,Skt Johannes Sogn,7400 Herning,Herning,
1249,Vestergaardsvej,Karstoft Sogn,6933 Kibæk,Skarrild,Karstoft
9079,Vesterholmvej,,7400 Herning,Tjørring,
1257,Vesterled,Ørnhøj Sogn,6973 Ørnhøj,Ørnhøj,
9090,Vesterled,Rind Sogn,7400 Herning,Lind,Lind
9092,Vesterlindstien,,,,
8797,Vesterlindvej,Rind Sogn,7400 Herning,Lind,Lind
1258,Vesterlund,Aulum Sogn,7490 Aulum,Aulum,
9097,Vestermarken,,7400 Herning,,
9099,Vestermarkens P Pl,,,,
9103,Vestermosevej,Ørre-Sinding Sogn,7400 Herning,Sinding,Ørre
9110,Vesterskovvej,Ilskov Sogn,7451 Sunds,Ilskov,Ilskov
9112,Vestertoften,Rind Sogn,7400 Herning,Lind,Lind
9120,Vestertorp,Gjellerup Sogn,7400 Herning,Hammerum,Gjellerup
1259,Vestervang,Vildbjerg Sogn,7480 Vildbjerg,Vildbjerg,
9114,Vestervangen,Snejbjerg Sogn,7400 Herning,Snejbjerg,Snejbjerg
1262,Vestervænget,Ørnhøj Sogn,6973 Ørnhøj,Ørnhøj,
1264,Vestervænget,Assing Sogn,6933 Kibæk,Kibæk,
9125,Vestervænget,Tjørring Sogn,7400 Herning,Tjørring,Tjørring
1265,Vestparken,Feldborg Sogn,7540 Haderup,Feldborg,Feldborg
9149,Vestparken,Rind Sogn,7400 Herning,Lind,Lind
9160,Vestre Søvej,Sunds Sogn,7451 Sunds,Sunds,
8934,V. Fastrupvej,Gjellerup Sogn,7400 Herning,Hammerum,Hammerum
1470,Vibereden,Hedeager Sogn,7400 Herning,Herning,
1267,Vibevej,Haderup Sogn,7540 Haderup,Haderup,
1268,Vibevej,S Felding Sogn,7280 Sønder Felding,Sdr. Felding,
1269,Vibevej,Vildbjerg Sogn,7480 Vildbjerg,Vildbjerg,
9172,Vibevej,Sunds Sogn,7451 Sunds,Sunds,
1271,Vibevænget,Assing Sogn,6933 Kibæk,Kibæk,
1273,Viborgvej,Haderup Sogn,,Haderup,Viftrup
9184,Viborgvej,,7400 Herning,,
9219,Vidarsvej,Skt Johannes Sogn,7400 Herning,Herning,
1275,Videbækvej,,,,
9225,Videbækvej,Haunstrup Sogn,7400 Herning,Snejbjerg,Haunstrup
1277,Viftrupvej,Haderup Sogn,7540 Haderup,Haderup,
1280,Vildbjergvej,,,,
9243,Vildbjergvej,,7400 Herning,,
9246,Vildbjergvænget,Tjørring Sogn,7400 Herning,Tjørring,Tjørring
9250,Vildrosevej,Tjørring Sogn,7400 Herning,Tjørring,Tjørring
1281,Villavej,Ilderhede Sogn,7270 Stakroge,Sdr. Felding,
9254,Villavej,Gjellerup Sogn,7400 Herning,Hammerum,Hammerum
1288,Vindingvej,,,,
965,Vind Kirkevej,Vind Sogn,7500 Holstebro,Vind,Vind
9266,Vinkelgade,Herning Sogn,7400 Herning,Herning,
1289,Vinkelvej,Aulum Sogn,7490 Aulum,Aulum,
1291,Vinkelvej,Ilderhede Sogn,7270 Stakroge,Sdr. Felding,
1293,Vinkelvej,Timring Sogn,7480 Vildbjerg,Timring,Timring
9270,Violens Kvarter,Gullestrup Sogn,7400 Herning,Gullestrup,
1456,Violstien,Skt Johannes Sogn,7400 Herning,Herning,
1294,Violvej,Aulum Sogn,7490 Aulum,Aulum,
9280,Virkelyst,Gjellerup Sogn,7400 Herning,Hammerum,Gjellerup
1295,Virkelystvej,Vinding Sogn,7550 Sørvad,Vinding,
9302,Visgårdvej,,7400 Herning,,Sinding
1296,Vistelhøjvej,Skarrild Sogn,6933 Kibæk,Skarrild,Skarrild
1300,Vistorpvej,,7540 Haderup,,
9313,Vivaldisvej,Hedeager Sogn,7400 Herning,Herning,
1301,Vognstrupvej,Vinding Sogn,7550 Sørvad,Vinding,
9365,Voldsgårdvej,Studsgård Sogn,7400 Herning,Studsgård,Studsgård
1305,Vorgodvej,Assing Sogn,6933 Kibæk,Kibæk,
1308,Vormstrupvej,Haderup Sogn,7540 Haderup,Haderup,
9410,Voulundgårdvej,Kølkær Sogn,7400 Herning,Kølkær,Kølkær
9415,Voulund Mark,Kølkær Sogn,7400 Herning,Kølkær,Kølkær
9419,Voulundvej,Fasterholt Sogn,7330 Brande,Arnborg,Fasterholt
1309,Vråvej,Aulum Sogn,7490 Aulum,Aulum,
9111,V. Sneptrupvej,Simmelkær Sogn,7451 Sunds,Simmelkær,Simmelkær
1310,Vævervej,Aulum Sogn,7490 Aulum,Aulum,
9442,Vølundsvej,Skt Johannes Sogn,7400 Herning,Herning,
9454,Wagnersvej,Hedeager Sogn,7400 Herning,Herning,
9466,Webersvej,Hedeager Sogn,7400 Herning,Herning,
9477,Wedellsborgvej,Tjørring Sogn,7400 Herning,Tjørring,Tjørring
9489,Weysesvej,Hedeager Sogn,7400 Herning,Herning,
9495,Ydertoften,Rind Sogn,7400 Herning,Lind,Lind
9501,Ydunsvej,,7400 Herning,Herning,
1396,Yllebjerg Parken,,,,
1314,Yllebjergvej,Hodsager Sogn,7490 Aulum,Hodsager,Hodsager
1315,Æblehaven,Vildbjerg Sogn,7480 Vildbjerg,Vildbjerg,
9513,Ærøvej,Gjellerup Sogn,7400 Herning,Hammerum,Hammerum
9736,Ø. Høgildvej,Rind Sogn,7400 Herning,Lind,Høgild
1316,Ølgrydevej,Vind Sogn,7500 Holstebro,Vind,Vind
9515,Ørneborgvej,,7400 Herning,,Nr Vejen
1317,Ørnevej,Haderup Sogn,7540 Haderup,Haderup,
9524,Ørnevej,Hedeager Sogn,7400 Herning,Herning,
9532,Ørnhovedvej,Tjørring Sogn,7400 Herning,Tjørring,
1328,Ørnhøjvej,Vind Sogn,7500 Holstebro,Vind,Vind
9538,Ørre Byvej,Ørre-Sinding Sogn,7400 Herning,Sinding,Sinding
1329,Ørrevej,Aulum Sogn,7490 Aulum,Aulum,
9550,Ørrevej,Ørre-Sinding Sogn,7400 Herning,Sinding,Sinding
9551,Ørrevængestien,,,,
9554,Ørrevænget,Ørre-Sinding Sogn,7400 Herning,Sinding,Sinding
1436,Ørskovbakken,Snejbjerg Sogn,7400 Herning,Snejbjerg,Snejbjerg
9565,Ørskovvej,Snejbjerg Sogn,7400 Herning,Snejbjerg,
9567,Ørskovvænget,Snejbjerg Sogn,7400 Herning,Snejbjerg,Snejbjerg
9757,Ø. Sneptrupvej,,7451 Sunds,,Ilskov
9583,Øster Alle,Gjellerup Sogn,7400 Herning,Hammerum,Hammerum
1331,Østerbro,Assing Sogn,6933 Kibæk,Kibæk,
9653,Østerbyvej,Tjørring Sogn,7400 Herning,Tjørring,Tjørring
1335,Østergade,Aulum Sogn,7490 Aulum,Aulum,
1339,Østergade,Assing Sogn,6933 Kibæk,Kibæk,
1341,Østergade,Vildbjerg Sogn,7480 Vildbjerg,Vildbjerg,
9665,Østergade,Herning Sogn,7400 Herning,Herning,
1410,Østergade P Plads Nv,,,,
1411,Østergade P Plads Sø,,,,
1333,Østergaardsallé,Aulum Sogn,7490 Aulum,Aulum,
1334,Østergaardsvej,Aulum Sogn,7490 Aulum,Aulum,
1330,Øster Hedegårdsvej,Assing Sogn,6933 Kibæk,Kibæk,
1390,Østerholmvej,,,,
1344,Østerhovedvej,Nøvling Sogn,7480 Vildbjerg,Skibbild/Nøvling,
9745,Østerled,Snejbjerg Sogn,7400 Herning,Snejbjerg,Snejbjerg
1490,Østerlindparken,Rind Sogn,7400 Herning,Lind,Lind
1399,Øster Linåvej,Sunds Sogn,7451 Sunds,Sunds,
9748,Østerlund,Gjellerup Sogn,7400 Herning,Hammerum,Gjellerup
9750,Østermarken,Kølkær Sogn,7400 Herning,Kølkær,Kølkær
1429,Øster Momhøjvej,Studsgård Sogn,7400 Herning,Studsgård,Studsgård
9755,Østerskovvej,Ilskov Sogn,7451 Sunds,Ilskov,Ilskov
9758,Østerstien,,,,
1345,Østertoft,Aulum Sogn,7490 Aulum,Aulum,
9759,Østertoften,Rind Sogn,7400 Herning,Lind,Lind
9765,Øster Toksvigvej,Arnborg Sogn,7400 Herning,Arnborg,Arnborg
9770,Østertorp,Gjellerup Sogn,7400 Herning,Hammerum,Gjellerup
1346,Østervang,Aulum Sogn,7490 Aulum,Aulum,
1347,Østervang,Vildbjerg Sogn,7480 Vildbjerg,Vildbjerg,
9782,Østre Kirkevej,Herning Sogn,7400 Herning,Herning,
9783,Østre Søvej,Sunds Sogn,7451 Sunds,Sunds,
1350,Østvænget,Vildbjerg Sogn,7480 Vildbjerg,Vildbjerg,
1351,Østvænget,Hodsager Sogn,7490 Aulum,Hodsager,Hodsager
1353,Åbakkevej,Haderup Sogn,7540 Haderup,Haderup,
1382,Åbjergparken,Vildbjerg Sogn,7480 Vildbjerg,Vildbjerg,
1354,Åbjergvej,Vildbjerg Sogn,7480 Vildbjerg,Vildbjerg,
1381,Åbjergvænget,Vildbjerg Sogn,7480 Vildbjerg,Vildbjerg,
1355,Åbrinken,Vinding Sogn,7550 Sørvad,Vinding,
1356,Åbyvej,Aulum Sogn,7490 Aulum,Aulum,
1383,Ådalen,,,,
1357,Ågårdsvej,Vildbjerg Sogn,7480 Vildbjerg,Vildbjerg,
9785,Åkandevej,Rind Sogn,7400 Herning,Lind,Høgild
9789,Åkirkebystien,Herning Sogn,7400 Herning,Herning,
9790,Åkirkebyvej,Herning Sogn,7400 Herning,Herning,
9792,Ålholmstien,,,,
9794,Ålholmvej,Tjørring Sogn,7400 Herning,Tjørring,Tjørring
9795,Ålykkevej,Hedeager Sogn,7400 Herning,Herning,
1359,Åparken,Hodsager Sogn,7490 Aulum,Hodsager,Hodsager
1361,Åparken,S Felding Sogn,7280 Sønder Felding,Sdr. Felding,
1424,Åparkstien,,,,
1362,Åskrænten,Haderup Sogn,7540 Haderup,Haderup,
1364,Åvej,Hodsager Sogn,7490 Aulum,Hodsager,Hodsager
9798,Åvej,Sunds Sogn,7451 Sunds,Sunds,
1366,Åvænget,Vildbjerg Sogn,7480 Vildbjerg,Vildbjerg,
9800,Åvænget,Gjellerup Sogn,7400 Herning,Hammerum,Birk
4,Aagade,S Felding Sogn,7280 Sønder Felding,Sdr. Felding,
1474,Aahaven,Hedeager Sogn,7400 Herning,Herning,
60,Aaparken,Fredens Sogn,7400 Herning,Herning,
7,Aavænget,Assing Sogn,6933 Kibæk,Kibæk,
